primaryTitle,startYear,runtimeMinutes,genres,averageRating,numVotes
The Shawshank Redemption,1994,142,Drama,9.3,3195314
The Dark Knight,2008,152,"Crime,Thriller",9.1,3176249
Inception,2010,148,"Adventure,Sci-Fi,Thriller",8.8,2824348
Fight Club,1999,139,"Crime,Drama,Thriller",8.8,2615814
Interstellar,2014,169,"Adventure,Drama,Sci-Fi",8.7,2541567
Forrest Gump,1994,142,"Drama,Romance",8.8,2501565
Pulp Fiction,1994,154,"Crime,Drama",8.8,2439449
The Matrix,1999,136,"Action,Sci-Fi",8.7,2252453
The Godfather,1972,175,"Crime,Drama",9.2,2229956
The Lord of the Rings: The Fellowship of the Ring,2001,178,"Adventure,Drama,Fantasy",8.9,2210277
The Lord of the Rings: The Return of the King,2003,201,"Adventure,Drama,Fantasy",9.0,2168090
Seven,1995,127,"Crime,Drama,Mystery",8.6,2026525
The Dark Knight Rises,2012,164,"Crime,Thriller",8.4,1999560
The Lord of the Rings: The Two Towers,2002,179,"Adventure,Drama,Fantasy",8.8,1960555
Django Unchained,2012,165,"Drama,Western",8.5,1887964
Gladiator,2000,155,"Action,Adventure,Drama",8.5,1853968
The Wolf of Wall Street,2013,180,"Biography,Comedy,Crime",8.2,1794621
Inglourious Basterds,2009,153,"Drama,War",8.4,1789614
The Silence of the Lambs,1991,118,"Crime,Drama,Horror",8.6,1726667
Batman Begins,2005,140,Crime,8.2,1718778
Joker,2019,122,Drama,8.3,1698946
Shutter Island,2010,138,"Drama,Mystery,Thriller",8.2,1654028
Saving Private Ryan,1998,169,"Drama,War",8.6,1643151
The Prestige,2006,130,"Drama,Mystery,Sci-Fi",8.5,1592725
Schindler's List,1993,195,"Biography,Drama,History",9.0,1586996
Star Wars: Episode IV - A New Hope,1977,121,"Adventure,Fantasy,Sci-Fi",8.6,1572710
The Green Mile,1999,189,"Crime,Drama,Fantasy",8.6,1564499
The Avengers,2012,143,"Action,Sci-Fi",8.0,1560986
The Departed,2006,151,"Crime,Drama,Thriller",8.5,1557866
Star Wars: Episode V - The Empire Strikes Back,1980,124,"Adventure,Fantasy,Sci-Fi",8.7,1507380
Avatar,2009,162,"Action,Adventure,Fantasy",7.9,1500655
The Godfather Part II,1974,202,"Crime,Drama",9.0,1496738
Back to the Future,1985,116,"Adventure,Comedy,Sci-Fi",8.5,1455912
Avengers: Endgame,2019,181,"Action,Adventure,Sci-Fi",8.4,1452194
Memento,2000,113,"Mystery,Thriller",8.4,1437184
Titanic,1997,194,"Drama,Romance",8.0,1396027
GoodFellas,1990,145,"Biography,Crime,Drama",8.7,1394837
The Truman Show,1998,103,"Comedy,Drama",8.2,1378371
Avengers: Infinity War,2018,149,"Action,Adventure,Sci-Fi",8.4,1377068
Guardians of the Galaxy,2014,121,"Action,Adventure,Comedy",8.0,1366815
Léon: The Professional,1994,110,"Action,Crime,Drama",8.5,1353292
Pirates of the Caribbean: The Curse of the Black Pearl,2003,143,"Action,Adventure,Fantasy",8.1,1328163
WALL·E,2008,98,"Adventure,Animation,Family",8.4,1324519
Kill Bill: Vol. 1,2003,111,"Action,Crime,Thriller",8.2,1309854
Terminator 2: Judgment Day,1991,137,"Action,Adventure,Sci-Fi",8.6,1285834
American Beauty,1999,122,Drama,8.3,1280395
American History X,1998,119,"Crime,Drama",8.5,1275189
The Lion King,1994,88,"Adventure,Animation,Drama",8.5,1261834
Deadpool,2016,108,"Action,Comedy,Sci-Fi",8.0,1256640
V for Vendetta,2005,132,"Action,Drama,Sci-Fi",8.1,1247976
Catch Me If You Can,2002,141,"Biography,Crime,Drama",8.1,1244028
The Usual Suspects,1995,106,"Crime,Drama,Mystery",8.5,1240351
Up,2009,96,"Adventure,Animation,Comedy",8.3,1239279
The Shining,1980,146,"Drama,Horror",8.4,1228532
Iron Man,2008,126,"Action,Adventure,Sci-Fi",7.9,1227543
Good Will Hunting,1997,126,"Drama,Romance",8.4,1221429
Star Wars: Episode VI - Return of the Jedi,1983,131,"Adventure,Fantasy,Sci-Fi",8.3,1211842
Finding Nemo,2003,100,"Adventure,Animation,Comedy",8.2,1210558
Mad Max: Fury Road,2015,120,"Action,Adventure,Sci-Fi",8.1,1208682
No Country for Old Men,2007,122,"Crime,Drama,Thriller",8.2,1194184
Eternal Sunshine of the Spotless Mind,2004,108,"Drama,Romance,Sci-Fi",8.3,1184296
Jurassic Park,1993,127,"Adventure,Sci-Fi",8.2,1181011
Toy Story,1995,81,"Adventure,Animation,Comedy",8.3,1176535
Gone Girl,2014,149,"Drama,Mystery,Thriller",8.1,1172152
Reservoir Dogs,1992,99,"Crime,Thriller",8.3,1171345
Parasite,2019,132,"Drama,Thriller",8.5,1169437
Braveheart,1995,178,"Drama,War",8.3,1162896
Whiplash,2014,106,"Drama,Music",8.5,1159620
One Flew Over the Cuckoo's Nest,1975,133,Drama,8.6,1157599
The Sixth Sense,1999,107,"Drama,Mystery,Thriller",8.2,1146404
Raiders of the Lost Ark,1981,115,Adventure,8.4,1111216
The Hunger Games,2012,142,"Action,Adventure,Sci-Fi",7.2,1084146
"Monsters, Inc.",2001,92,"Adventure,Animation,Comedy",8.1,1076711
Alien,1979,117,"Horror,Sci-Fi",8.5,1065918
Dune: Part One,2021,155,"Action,Adventure,Drama",8.0,1061101
A Beautiful Mind,2001,135,"Biography,Drama,Mystery",8.2,1055174
Harry Potter and the Deathly Hallows: Part 2,2011,130,"Adventure,Family,Fantasy",8.1,1048660
Oppenheimer,2023,180,"Biography,Drama,History",8.2,1047757
Die Hard,1988,132,"Action,Thriller",8.2,1030647
The Intouchables,2011,112,"Comedy,Drama",8.5,1030128
Taxi Driver,1976,114,"Crime,Drama",8.2,1028186
Star Wars: Episode VII - The Force Awakens,2015,138,"Action,Adventure,Sci-Fi",7.7,1027981
Spider-Man: No Way Home,2021,148,"Action,Adventure,Fantasy",8.1,1025463
Scarface,1983,170,"Crime,Drama",8.3,1018941
The Martian,2015,144,"Adventure,Drama,Sci-Fi",8.0,1015755
The Pianist,2002,150,"Biography,Drama,Music",8.5,1013556
The Terminator,1984,107,"Action,Adventure,Sci-Fi",8.1,1006468
Avengers: Age of Ultron,2015,141,"Action,Adventure,Sci-Fi",7.3,1003504
12 Angry Men,1957,96,"Crime,Drama",9.0,985899
Snatch,2000,102,"Comedy,Crime",8.2,977500
Requiem for a Dream,2000,102,Drama,8.3,975394
The Grand Budapest Hotel,2014,99,"Comedy,Drama",8.1,974153
Captain America: The Winter Soldier,2014,136,"Action,Adventure,Sci-Fi",7.7,973972
Toy Story 3,2010,103,"Adventure,Animation,Comedy",8.3,972498
Spider-Man,2002,121,"Action,Adventure,Sci-Fi",7.4,970236
Spirited Away,2001,124,"Adventure,Animation,Family",8.6,970141
Captain America: The First Avenger,2011,124,"Action,Adventure,Sci-Fi",6.9,969670
Iron Man 3,2013,130,"Action,Adventure,Sci-Fi",7.1,968160
Thor,2011,115,"Action,Fantasy",7.0,968026
Once Upon a Time in... Hollywood,2019,161,"Comedy,Drama",7.6,965013
Harry Potter and the Sorcerer's Stone,2001,152,"Adventure,Family,Fantasy",7.7,953696
The Revenant,2015,156,"Action,Drama,Western",8.0,952049
Ratatouille,2007,111,"Adventure,Animation,Comedy",8.1,947447
Iron Man 2,2010,124,"Action,Sci-Fi",6.9,940235
Prisoners,2013,153,"Crime,Drama,Mystery",8.2,939329
A Clockwork Orange,1971,136,"Crime,Sci-Fi",8.2,937112
The Hangover,2009,100,Comedy,7.7,932918
The Batman,2022,176,"Action,Crime,Mystery",7.8,931758
Captain America: Civil War,2016,147,"Action,Sci-Fi",7.8,930108
Star Wars: Episode I - The Phantom Menace,1999,136,"Action,Adventure,Fantasy",6.5,929663
The Hobbit: An Unexpected Journey,2012,169,"Adventure,Fantasy",7.8,929258
Logan,2017,137,"Action,Drama,Sci-Fi",8.1,928391
Star Wars: Episode III - Revenge of the Sith,2005,140,"Action,Adventure,Fantasy",7.7,924795
Inside Out,2015,95,"Adventure,Animation,Comedy",8.1,918269
The Big Lebowski,1998,117,"Comedy,Crime",8.1,917263
300,2006,117,"Action,Drama",7.6,914135
Donnie Darko,2001,113,"Drama,Mystery,Sci-Fi",8.0,912317
Black Panther,2018,134,"Action,Adventure,Sci-Fi",7.3,911704
Slumdog Millionaire,2008,120,"Crime,Drama,Romance",8.0,911241
The Incredibles,2004,115,"Action,Adventure,Animation",8.0,903662
Gravity,2013,91,"Drama,Sci-Fi,Thriller",7.7,901210
Thor: Ragnarok,2017,130,"Action,Adventure,Comedy",7.9,897370
How to Train Your Dragon,2010,98,"Action,Adventure,Animation",8.1,896447
"The Good, the Bad and the Ugly",1966,178,"Adventure,Drama,Western",8.8,891500
Black Swan,2010,108,"Drama,Thriller",8.0,890722
Blade Runner,1982,117,"Action,Drama,Sci-Fi",8.1,882660
Doctor Strange,2016,115,"Action,Adventure,Fantasy",7.5,882018
Knives Out,2019,130,"Comedy,Crime,Drama",7.9,880098
I Am Legend,2007,101,"Drama,Horror,Sci-Fi",7.2,879424
The Imitation Game,2014,114,"Biography,Drama,Thriller",8.0,879278
Top Gun: Maverick,2022,130,"Action,Drama",8.2,879197
City of God,2002,130,"Crime,Drama",8.6,872542
Kill Bill: Vol. 2,2004,137,"Action,Crime,Thriller",8.0,871414
Man of Steel,2013,143,"Action,Adventure,Sci-Fi",7.1,868204
Arrival,2016,116,"Drama,Mystery,Sci-Fi",7.9,866516
Indiana Jones and the Last Crusade,1989,127,Adventure,8.2,864011
Gran Torino,2008,116,Drama,8.1,863639
Full Metal Jacket,1987,116,"Drama,War",8.2,851350
American Psycho,2000,102,"Crime,Drama,Horror",7.6,841527
Amélie,2001,122,"Comedy,Romance",8.3,841085
Aliens,1986,137,"Action,Adventure,Horror",8.4,840974
Guardians of the Galaxy: Vol. 2,2017,136,"Action,Adventure,Comedy",7.6,831318
John Wick,2014,101,"Action,Crime,Thriller",7.5,830220
Pirates of the Caribbean: Dead Man's Chest,2006,151,"Action,Adventure,Fantasy",7.4,828000
Star Wars: Episode II - Attack of the Clones,2002,142,"Action,Adventure,Fantasy",6.6,823353
The Social Network,2010,120,"Biography,Drama",7.8,821233
Sin City,2005,124,"Crime,Thriller",8.0,821150
Get Out,2017,104,"Horror,Mystery,Thriller",7.8,821124
Life Is Beautiful,1997,116,"Comedy,Drama,Romance",8.6,814184
Shrek,2001,90,"Adventure,Animation,Comedy",7.9,812242
Dunkirk,2017,106,"Action,Drama,History",7.8,809322
Edge of Tomorrow,2014,113,"Action,Adventure,Sci-Fi",7.9,806437
Heat,1995,170,"Action,Crime,Drama",8.3,806174
Spider-Man: Homecoming,2017,133,"Action,Adventure,Sci-Fi",7.4,800605
Spider-Man: Into the Spider-Verse,2018,117,"Action,Adventure,Animation",8.4,793137
Batman v Superman: Dawn of Justice,2016,151,Sci-Fi,6.4,792617
X-Men: Days of Future Past,2014,132,"Action,Adventure,Sci-Fi",7.9,789015
12 Years a Slave,2013,134,"Biography,Drama,History",8.1,788113
Fargo,1996,98,"Crime,Drama,Thriller",8.1,788029
Spider-Man 2,2004,127,"Action,Adventure,Sci-Fi",7.5,786894
Psycho,1960,109,"Drama,Horror,Mystery",8.5,786696
World War Z,2013,116,"Action,Adventure,Horror",7.0,785349
2001: A Space Odyssey,1968,149,"Adventure,Sci-Fi",8.3,784421
Ant-Man,2015,117,"Action,Comedy,Sci-Fi",7.2,782042
Thor: The Dark World,2013,112,"Action,Adventure,Animation",6.7,779358
Kingsman: The Secret Service,2014,129,"Action,Adventure,Comedy",7.7,778413
The Hunger Games: Catching Fire,2013,146,"Action,Adventure,Romance",7.5,775433
Skyfall,2012,143,"Action,Adventure,Thriller",7.8,774237
Silver Linings Playbook,2012,122,"Comedy,Drama,Romance",7.7,774171
1917,2019,119,"Drama,War",8.2,773757
Now You See Me,2013,115,"Crime,Mystery,Thriller",7.2,772369
Apocalypse Now,1979,147,"Drama,Mystery,War",8.4,771565
Trainspotting,1996,93,"Crime,Drama",8.1,769002
Harry Potter and the Prisoner of Azkaban,2004,142,"Adventure,Family,Fantasy",7.9,768527
The Amazing Spider-Man,2012,136,"Action,Sci-Fi",6.9,767740
Harry Potter and the Chamber of Secrets,2002,161,"Adventure,Family,Fantasy",7.5,767592
Million Dollar Baby,2004,132,"Drama,Sport",8.1,767429
La La Land,2016,128,"Comedy,Drama,Music",8.0,765543
Drive,2011,100,"Action,Drama",7.8,765428
X-Men: First Class,2011,131,"Action,Sci-Fi",7.7,765058
Suicide Squad,2016,123,"Action,Adventure,Fantasy",5.9,760607
Dune: Part Two,2024,166,"Action,Adventure,Drama",8.4,760010
Rogue One: A Star Wars Story,2016,133,"Action,Adventure,Sci-Fi",7.8,758326
Blade Runner 2049,2017,164,"Action,Drama,Mystery",8.0,756596
Harry Potter and the Goblet of Fire,2005,157,"Adventure,Family,Fantasy",7.7,755182
The Hobbit: The Desolation of Smaug,2013,161,"Adventure,Fantasy",7.8,754921
District 9,2009,112,"Action,Sci-Fi,Thriller",7.9,753494
Pan's Labyrinth,2006,118,"Drama,Fantasy,War",8.2,747738
The Curious Case of Benjamin Button,2008,166,"Drama,Fantasy,Romance",7.8,747321
Casino Royale,2006,144,"Action,Adventure,Thriller",8.0,746699
Deadpool 2,2018,119,"Action,Adventure,Comedy",7.6,746582
Home Alone,1990,103,"Comedy,Family",7.8,746374
Pirates of the Caribbean: At World's End,2007,169,"Action,Adventure,Fantasy",7.2,745685
Jaws,1975,124,"Adventure,Drama,Horror",8.1,739236
Groundhog Day,1993,101,"Comedy,Drama,Fantasy",8.0,736800
Wonder Woman,2017,141,"Action,Adventure,Fantasy",7.3,736417
The King's Speech,2010,118,"Biography,Drama,History",8.0,733695
Jurassic World,2015,124,"Action,Adventure,Sci-Fi",6.9,730826
Her,2013,126,"Drama,Romance,Sci-Fi",8.0,728058
The Hateful Eight,2015,168,"Crime,Drama,Mystery",7.8,723923
Oldboy,2003,120,"Action,Drama,Mystery",8.3,721141
Star Wars: Episode VIII - The Last Jedi,2017,152,"Action,Adventure,Fantasy",6.8,720586
Transformers,2007,144,"Action,Adventure,Sci-Fi",7.1,720165
Frozen,2013,102,"Adventure,Animation,Comedy",7.4,714758
Ted,2012,106,Comedy,6.9,711600
Coco,2017,105,"Adventure,Animation,Drama",8.4,710626
There Will Be Blood,2007,158,Drama,8.2,710484
Sherlock Holmes,2009,128,"Action,Adventure,Mystery",7.5,707438
Harry Potter and the Order of the Phoenix,2007,138,"Adventure,Family,Fantasy",7.5,702135
Spider-Man 3,2007,139,"Action,Adventure,Sci-Fi",6.3,701913
Life of Pi,2012,127,"Adventure,Drama,Fantasy",7.9,701323
Prometheus,2012,124,"Adventure,Sci-Fi",7.0,701316
Birdman or (The Unexpected Virtue of Ignorance),2014,119,"Comedy,Drama",7.7,699700
It,2017,135,Horror,7.3,698747
Into the Wild,2007,148,"Adventure,Biography,Drama",8.0,696141
Superbad,2007,113,Comedy,7.6,696013
X-Men,2000,104,"Action,Adventure,Sci-Fi",7.3,692776
The Notebook,2004,123,"Drama,Romance",7.8,691807
Rocky,1976,120,"Drama,Sport",8.1,690848
Cast Away,2000,143,"Adventure,Drama,Romance",7.8,689844
Green Book,2018,130,"Biography,Comedy,Drama",8.2,689543
Tenet,2020,150,"Action,Sci-Fi,Thriller",7.3,688072
Barbie,2023,114,"Adventure,Comedy,Fantasy",6.8,687002
Baby Driver,2017,113,"Action,Crime,Drama",7.5,686291
The Bourne Ultimatum,2007,115,"Action,Mystery,Thriller",8.0,684931
Hacksaw Ridge,2016,139,"Biography,Drama,History",8.1,684078
12 Monkeys,1995,129,"Mystery,Sci-Fi,Thriller",8.0,680098
Zodiac,2007,157,"Crime,Drama,Mystery",7.7,675710
Ocean's Eleven,2001,116,"Crime,Thriller",7.7,675232
Don't Look Up,2021,138,"Comedy,Drama,Sci-Fi",7.1,673551
Taken,2008,90,"Action,Crime,Thriller",7.7,673195
Nightcrawler,2014,117,"Crime,Drama,Thriller",7.8,671773
The Matrix Reloaded,2003,138,"Action,Sci-Fi",7.2,671461
Toy Story 2,1999,92,"Adventure,Animation,Comedy",7.9,670408
Zombieland,2009,88,"Action,Comedy,Horror",7.5,669065
Argo,2012,120,"Biography,Drama,History",7.7,668079
Harry Potter and the Deathly Hallows: Part 1,2010,146,"Adventure,Family,Fantasy",7.7,666174
Men in Black,1997,98,"Action,Adventure,Comedy",7.3,665520
Harry Potter and the Half-Blood Prince,2009,153,"Adventure,Family,Fantasy",7.6,662231
A Quiet Place,2018,90,"Drama,Horror,Sci-Fi",7.5,660479
Captain Marvel,2019,123,"Action,Adventure,Sci-Fi",6.7,660376
L.A. Confidential,1997,138,"Crime,Drama,Mystery",8.2,658934
Dead Poets Society,1989,128,"Comedy,Drama",8.1,655598
Casablanca,1942,102,"Drama,Romance,War",8.5,655476
"Lock, Stock and Two Smoking Barrels",1998,107,"Comedy,Crime",8.1,649763
Limitless,2011,105,"Sci-Fi,Thriller",7.4,649477
Bohemian Rhapsody,2018,134,"Biography,Drama,Music",7.9,648234
Independence Day,1996,145,"Action,Adventure,Sci-Fi",7.0,648023
21 Jump Street,2012,109,"Action,Comedy,Crime",7.2,647725
Everything Everywhere All at Once,2022,139,"Action,Adventure,Comedy",7.7,645560
The Great Gatsby,2013,143,"Drama,Romance",7.2,644113
Spider-Man: Far from Home,2019,129,"Action,Adventure,Comedy",7.3,642077
Ex Machina,2014,108,"Drama,Sci-Fi,Thriller",7.7,640601
Shaun of the Dead,2004,99,"Comedy,Horror",7.8,640357
Zootopia,2016,108,"Action,Adventure,Animation",8.0,639000
Star Trek,2009,127,"Action,Adventure,Sci-Fi",7.9,638841
Despicable Me,2010,95,"Adventure,Animation,Comedy",7.6,634098
Looper,2012,119,"Action,Drama,Sci-Fi",7.4,629172
Avatar: The Way of Water,2022,192,"Action,Adventure,Animation",7.5,628457
Blood Diamond,2006,143,"Adventure,Drama,Thriller",8.0,626638
The Conjuring,2013,112,"Horror,Mystery,Thriller",7.5,624525
The Pursuit of Happyness,2006,117,"Biography,Drama",8.0,623410
Split,2016,117,"Horror,Thriller",7.3,623327
Back to the Future Part II,1989,108,"Adventure,Comedy,Sci-Fi",7.8,622945
Minority Report,2002,145,"Action,Crime,Mystery",7.6,621531
Kick-Ass,2010,117,"Action,Comedy,Crime",7.6,621477
"Crazy, Stupid, Love.",2011,118,"Comedy,Drama,Romance",7.4,621209
Casino,1995,178,"Crime,Drama",8.2,621138
500 Days of Summer,2009,95,"Comedy,Drama,Romance",7.6,620286
The Hobbit: The Battle of the Five Armies,2014,144,"Adventure,Fantasy",7.4,619044
Troy,2004,163,"Action,Adventure",7.3,617635
"I, Robot",2004,115,"Action,Mystery,Sci-Fi",7.1,615769
The Bourne Identity,2002,119,"Action,Mystery,Thriller",7.8,615044
Watchmen,2009,162,"Action,Drama,Mystery",7.6,611783
X2: X-Men United,2003,134,"Action,Sci-Fi,Thriller",7.4,611208
Fury,2014,134,"Action,Drama,War",7.6,610562
"Three Billboards Outside Ebbing, Missouri",2017,115,"Comedy,Crime,Drama",8.1,609207
Pirates of the Caribbean: On Stranger Tides,2011,136,"Action,Adventure,Fantasy",6.6,608497
Venom,2018,112,"Action,Adventure,Sci-Fi",6.6,608154
Rise of the Planet of the Apes,2011,105,"Action,Animation,Drama",7.6,606386
Monty Python and the Holy Grail,1975,91,"Adventure,Comedy,Fantasy",8.1,603594
The Perks of Being a Wallflower,2012,103,Drama,7.9,598133
Mr. & Mrs. Smith,2005,120,"Action,Comedy,Crime",6.5,595170
The Amazing Spider-Man 2,2014,142,"Action,Adventure,Sci-Fi",6.6,592427
Oblivion,2013,124,"Action,Adventure,Sci-Fi",7.0,587145
Rain Man,1988,133,Drama,8.0,585252
Source Code,2011,93,"Action,Drama,Mystery",7.5,583552
Kung Fu Panda,2008,92,"Action,Adventure,Animation",7.6,581906
Love Actually,2003,135,"Comedy,Drama,Romance",7.5,581143
Lucy,2014,89,"Action,Sci-Fi,Thriller",6.4,580552
The Hangover Part II,2011,102,Comedy,6.5,579354
The Kashmir Files,2022,170,Drama,8.5,579131
The Matrix Revolutions,2003,129,"Action,Sci-Fi",6.7,576155
Ford v Ferrari,2019,152,"Action,Biography,Drama",8.1,574283
X-Men: The Last Stand,2006,104,"Action,Adventure,Sci-Fi",6.6,572841
Juno,2007,96,"Comedy,Drama",7.4,572767
Charlie and the Chocolate Factory,2005,115,"Adventure,Comedy,Family",6.7,572423
Deadpool & Wolverine,2024,128,"Action,Adventure,Comedy",7.5,572090
John Wick: Chapter 2,2017,122,"Action,Crime,Thriller",7.4,571772
American Sniper,2014,133,"Action,Biography,Drama",7.3,570924
Indiana Jones and the Temple of Doom,1984,118,"Action,Adventure",7.5,569080
Rear Window,1954,112,"Drama,Mystery,Thriller",8.4,569057
X-Men Origins: Wolverine,2009,107,"Action,Sci-Fi",6.5,568563
Hot Fuzz,2007,121,"Action,Comedy,Mystery",7.8,568397
Children of Men,2006,109,"Drama,Sci-Fi,Thriller",7.9,567141
Mission: Impossible - Ghost Protocol,2011,132,"Action,Adventure,Thriller",7.4,566175
Ice Age,2002,81,"Adventure,Animation,Comedy",7.5,566097
Edward Scissorhands,1990,105,"Drama,Fantasy,Romance",7.8,566071
The Incredible Hulk,2008,112,"Action,Sci-Fi",6.6,565859
The Maze Runner,2014,113,"Action,Mystery,Sci-Fi",6.8,564679
Rush,2013,123,"Biography,Drama,Sport",8.1,560428
Pacific Rim,2013,131,"Action,Adventure,Sci-Fi",6.9,559836
Little Miss Sunshine,2006,101,"Comedy,Drama",7.8,559663
Shrek 2,2004,93,"Adventure,Animation,Comedy",7.4,556885
The Butterfly Effect,2004,113,"Drama,Sci-Fi,Thriller",7.6,556173
The Devil Wears Prada,2006,109,"Comedy,Drama",7.0,555986
Top Gun,1986,109,"Action,Drama",7.0,554958
Big Hero 6,2014,102,"Action,Adventure,Animation",7.8,554826
It's a Wonderful Life,1946,130,"Drama,Family,Fantasy",8.6,554461
Aquaman,2018,143,"Action,Adventure,Fantasy",6.8,554274
Dr. Strangelove or: How I Learned to Stop Worrying and Love the Bomb,1964,95,"Comedy,War",8.3,550940
Dallas Buyers Club,2013,117,"Biography,Drama",7.9,549422
28 Days Later,2002,113,"Drama,Horror,Sci-Fi",7.5,549143
The Hunger Games: Mockingjay - Part 1,2014,123,"Action,Adventure,Sci-Fi",6.6,547688
Doctor Strange in the Multiverse of Madness,2022,126,"Action,Adventure,Fantasy",6.8,546866
Tangled,2010,100,"Adventure,Animation,Comedy",7.7,546777
The Fifth Element,1997,126,"Action,Adventure,Sci-Fi",7.6,546427
Star Wars: Episode IX - The Rise of Skywalker,2019,141,"Action,Adventure,Fantasy",6.3,544250
Ready Player One,2018,140,"Action,Adventure,Sci-Fi",7.4,543324
Fantastic Beasts and Where to Find Them,2016,132,"Adventure,Family,Fantasy",7.2,541367
The Big Short,2015,130,"Biography,Comedy,Drama",7.8,541026
Sicario,2015,121,"Action,Crime,Drama",7.7,540605
Hancock,2008,92,"Action,Comedy,Drama",6.4,540027
Cars,2006,116,"Adventure,Animation,Comedy",7.3,538280
Bullet Train,2022,127,"Action,Comedy,Thriller",7.3,538164
The Terminal,2004,128,"Comedy,Drama,Romance",7.4,536609
Spotlight,2015,129,"Biography,Crime,Drama",8.1,536359
Lost in Translation,2003,102,"Comedy,Drama",7.7,530197
Warrior,2011,140,"Action,Drama,Sport",8.1,529625
The Help,2011,146,Drama,8.1,529320
The Girl with the Dragon Tattoo,2011,158,"Crime,Drama,Mystery",7.8,529287
Spider-Man: Across the Spider-Verse,2023,140,"Action,Adventure,Animation",8.5,528798
Twilight,2008,122,"Drama,Fantasy,Romance",5.4,527981
The Thing,1982,109,"Horror,Mystery,Sci-Fi",8.2,527184
Glass Onion,2022,139,"Comedy,Crime,Drama",7.1,525973
We're the Millers,2013,110,"Comedy,Crime",7.0,525748
The Wolverine,2013,126,"Action,Sci-Fi",6.7,524547
Mystic River,2003,138,"Crime,Drama,Mystery",7.9,523061
Back to the Future Part III,1990,118,"Adventure,Comedy,Sci-Fi",7.5,521202
Captain Phillips,2013,134,"Action,Biography,Crime",7.8,519930
American Hustle,2013,138,"Crime,Drama",7.2,519480
Divergent,2014,139,"Action,Adventure,Drama",6.6,519200
Mission: Impossible,1996,110,"Action,Adventure,Thriller",7.2,518891
Training Day,2001,122,"Crime,Drama,Thriller",7.8,518666
Indiana Jones and the Kingdom of the Crystal Skull,2008,122,"Action,Adventure",6.2,514489
The Bourne Supremacy,2004,108,"Action,Mystery,Thriller",7.7,514125
Howl's Moving Castle,2004,119,"Adventure,Animation,Family",8.2,514109
The Day After Tomorrow,2004,124,"Action,Adventure,Sci-Fi",6.5,513276
Dawn of the Planet of the Apes,2014,130,"Action,Adventure,Animation",7.6,512133
Saw,2004,103,"Horror,Mystery,Thriller",7.6,511510
Star Trek Into Darkness,2013,132,"Action,Adventure,Sci-Fi",7.7,510809
Moneyball,2011,133,"Biography,Drama,Sport",7.6,510387
The Theory of Everything,2014,123,"Biography,Drama,Romance",7.7,508358
War of the Worlds,2005,117,"Action,Adventure,Sci-Fi",6.6,508297
Gangs of New York,2002,167,"Crime,Drama",7.5,506615
Beauty and the Beast,1991,84,"Animation,Family,Fantasy",8.0,506150
Justice League,2017,120,Sci-Fi,6.0,505528
The Last Samurai,2003,154,"Action,Drama",7.8,504980
Jumanji: Welcome to the Jungle,2017,119,"Action,Adventure,Comedy",6.9,504798
The Mummy,1999,124,"Action,Adventure,Fantasy",7.1,503567
Sherlock Holmes: A Game of Shadows,2011,129,"Action,Adventure,Mystery",7.4,502826
The Menu,2022,107,"Comedy,Horror,Thriller",7.1,502702
The 40-Year-Old Virgin,2005,116,"Comedy,Romance",7.1,502418
Predator,1987,107,"Action,Adventure,Horror",7.8,501903
Aladdin,1992,90,"Adventure,Animation,Comedy",8.0,501468
Wreck-It Ralph,2012,101,"Adventure,Animation,Comedy",7.7,499827
The Exorcist,1973,122,Horror,8.1,498741
Passengers,2016,116,"Drama,Romance,Sci-Fi",7.0,498708
Quantum of Solace,2008,106,"Action,Adventure,Mystery",6.5,498671
Spectre,2015,148,"Action,Adventure,Thriller",6.8,497468
Scott Pilgrim vs. the World,2010,112,"Action,Comedy,Fantasy",7.5,497347
The Hurt Locker,2008,131,"Drama,Thriller,War",7.5,497141
Ant-Man and the Wasp,2018,118,"Action,Adventure,Comedy",7.0,496674
In Bruges,2008,107,"Comedy,Crime,Drama",7.9,494457
Citizen Kane,1941,119,"Drama,Mystery",8.2,493233
X-Men: Apocalypse,2016,144,"Action,Adventure,Sci-Fi",6.8,493046
Elysium,2013,109,"Action,Drama,Sci-Fi",6.6,492074
The Cabin in the Woods,2011,95,"Horror,Mystery,Thriller",7.0,491298
Tropic Thunder,2008,107,"Action,Comedy,War",7.1,491191
Free Guy,2021,115,"Action,Adventure,Comedy",7.1,490144
Shang-Chi and the Legend of the Ten Rings,2021,132,"Action,Adventure,Fantasy",7.3,489753
Jojo Rabbit,2019,108,"Comedy,Drama,War",7.9,489389
Sinners,2025,137,Horror,7.5,489366
No Time to Die,2021,163,"Action,Adventure,Thriller",7.3,488955
Horrible Bosses,2011,98,"Comedy,Crime",6.9,488396
Stand by Me,1986,89,"Adventure,Drama",8.1,488166
American Gangster,2007,157,"Biography,Crime,Drama",7.8,488135
Ghostbusters,1984,105,"Action,Comedy,Fantasy",7.8,487047
The Da Vinci Code,2006,149,"Mystery,Thriller",6.7,486761
The Princess Bride,1987,98,"Adventure,Comedy,Family",8.0,486539
Mean Girls,2004,97,Comedy,7.1,486524
Midsommar,2019,148,"Drama,Horror,Mystery",7.1,486456
In Time,2011,109,"Action,Sci-Fi,Thriller",6.7,484844
Princess Mononoke,1997,133,"Adventure,Animation,Fantasy",8.3,484168
3 Idiots,2009,170,"Comedy,Drama",8.4,483560
John Wick: Chapter 3 - Parabellum,2019,130,"Action,Crime,Thriller",7.4,481860
Madagascar,2005,86,"Adventure,Animation,Comedy",6.9,481481
Room,2015,118,"Drama,Thriller",8.1,480970
Armageddon,1998,151,"Action,Adventure,Sci-Fi",6.7,480223
Brave,2012,93,"Action,Adventure,Animation",7.1,480183
Black Widow,2021,134,"Action,Adventure,Sci-Fi",6.6,478835
Borat,2006,84,Comedy,7.4,478581
The Lost World: Jurassic Park,1997,129,"Action,Adventure,Sci-Fi",6.6,478028
Big Fish,2003,125,"Adventure,Drama,Fantasy",7.9,477738
The Shape of Water,2017,123,"Drama,Fantasy,Romance",7.3,476857
Zack Snyder's Justice League,2021,242,"Adventure,Fantasy,Sci-Fi",7.9,474163
The Irishman,2019,209,"Biography,Crime,Drama",7.8,473873
The Breakfast Club,1985,97,"Comedy,Drama",7.8,473583
Guardians of the Galaxy Vol. 3,2023,150,"Action,Adventure,Comedy",7.9,473489
Platoon,1986,120,"Drama,War",8.1,472314
The Game,1997,129,"Drama,Mystery,Thriller",7.7,472303
The Mask,1994,101,"Comedy,Crime,Fantasy",7.0,471823
Midnight in Paris,2011,94,"Comedy,Fantasy,Romance",7.6,471809
E.T. the Extra-Terrestrial,1982,115,"Adventure,Family,Sci-Fi",7.9,471807
King Kong,2005,187,"Action,Adventure,Romance",7.2,471311
Bruce Almighty,2003,101,"Comedy,Fantasy",6.8,471263
American Pie,1999,95,Comedy,7.0,469152
Amadeus,1984,160,"Biography,Drama,Music",8.4,469060
Collateral,2004,120,"Action,Crime,Drama",7.5,468627
Unforgiven,1992,130,"Drama,Western",8.2,468580
Alice in Wonderland,2010,108,"Adventure,Family,Fantasy",6.4,468575
Unbreakable,2000,106,"Drama,Mystery,Sci-Fi",7.3,468495
The Wizard of Oz,1939,102,"Adventure,Family,Fantasy",8.1,468343
The Equalizer,2014,132,"Action,Crime,Thriller",7.3,467284
Godzilla,2014,123,"Action,Adventure,Sci-Fi",6.4,465439
Thor: Love and Thunder,2022,118,"Action,Adventure,Comedy",6.1,462725
Crash,2004,112,"Crime,Drama,Thriller",7.7,462510
Despicable Me 2,2013,98,"Adventure,Animation,Comedy",7.3,460738
The Suicide Squad,2021,132,"Action,Adventure,Comedy",7.2,459647
Vertigo,1958,128,"Mystery,Romance,Thriller",8.2,458862
"The Chronicles of Narnia: The Lion, the Witch and the Wardrobe",2005,143,"Adventure,Family,Fantasy",6.9,458766
The Gentlemen,2019,113,"Action,Comedy,Crime",7.8,458717
The Fast and the Furious,2001,106,"Action,Crime,Thriller",6.8,458518
Hereditary,2018,127,"Drama,Horror,Mystery",7.3,458331
Home Alone 2: Lost in New York,1992,120,"Adventure,Comedy,Crime",6.9,457045
Transformers: Dark of the Moon,2011,154,"Action,Adventure,Animation",6.2,456715
This Is the End,2013,107,"Comedy,Fantasy,Sci-Fi",6.6,456387
The Godfather Part III,1990,162,"Crime,Drama",7.5,456385
Black Hawk Down,2001,144,"Action,Drama,History",7.7,455608
Transformers: Revenge of the Fallen,2009,149,"Action,Adventure,Sci-Fi",6.0,455055
10 Things I Hate About You,1999,97,"Comedy,Drama,Romance",7.4,452369
Soul,2020,100,"Adventure,Animation,Comedy",8.0,450608
A Star Is Born,2018,136,"Drama,Music,Romance",7.6,449772
The Town,2010,125,"Crime,Drama,Thriller",7.5,448658
Scream,1996,111,"Horror,Mystery",7.4,447421
Mission: Impossible - Rogue Nation,2015,131,"Action,Adventure,Thriller",7.4,446782
The Devil's Advocate,1997,144,"Drama,Fantasy,Mystery",7.5,446433
Cloverfield,2008,85,"Action,Horror,Sci-Fi",7.0,444876
Easy A,2010,92,"Comedy,Drama,Romance",7.0,444493
The Lives of Others,2006,137,"Drama,Mystery,Thriller",8.4,443881
Dumb and Dumber,1994,107,Comedy,7.3,443700
The Machinist,2004,101,"Drama,Thriller",7.6,442600
Moana,2016,107,"Adventure,Animation,Comedy",7.6,442404
22 Jump Street,2014,112,"Action,Comedy,Crime",7.0,440774
Fast & Furious 6,2013,130,"Action,Adventure,Crime",7.0,440581
Furious 7,2015,137,"Action,Thriller",7.1,440386
The Substance,2024,141,"Drama,Horror,Sci-Fi",7.2,439061
Ocean's Twelve,2004,125,"Crime,Thriller",6.5,438084
Terminator 3: Rise of the Machines,2003,109,"Action,Sci-Fi",6.3,437784
Live Free or Die Hard,2007,128,"Action,Thriller",7.1,436179
About Time,2013,123,"Comedy,Drama,Fantasy",7.8,435477
Monty Python's Life of Brian,1979,94,Comedy,8.0,434233
Fast Five,2011,130,"Action,Crime,Thriller",7.3,433995
My Neighbor Totoro,1988,86,"Adventure,Animation,Comedy",8.1,432971
Men in Black II,2002,88,"Action,Adventure,Comedy",6.2,432464
Batman,1989,126,Crime,7.5,432220
Die Hard: With a Vengeance,1995,128,"Action,Adventure,Thriller",7.6,431013
Eyes Wide Shut,1999,159,"Drama,Mystery,Thriller",7.5,430850
Wanted,2008,110,"Action,Crime,Thriller",6.7,429019
Mulholland Drive,2001,147,"Drama,Mystery,Thriller",7.9,428772
Eternals,2021,156,"Action,Adventure,Fantasy",6.2,428335
Face/Off,1997,138,"Action,Crime,Sci-Fi",7.3,427934
The Others,2001,104,"Horror,Mystery,Thriller",7.6,427269
Monsters University,2013,104,"Adventure,Animation,Comedy",7.2,425760
Mission: Impossible III,2006,126,"Action,Adventure,Thriller",6.9,425756
Inside Man,2006,129,"Crime,Drama,Mystery",7.6,425446
127 Hours,2010,94,"Biography,Drama",7.5,425155
The Fault in Our Stars,2014,126,"Drama,Romance",7.6,425103
Maleficent,2014,97,"Adventure,Drama,Family",6.9,424996
Speed,1994,116,"Action,Adventure,Thriller",7.3,423124
Bird Box,2018,124,"Horror,Mystery,Sci-Fi",6.6,422900
2012,2009,158,"Action,Adventure,Sci-Fi",5.9,422870
Man on Fire,2004,146,"Action,Crime,Drama",7.7,421977
Snowpiercer,2013,126,"Action,Drama,Sci-Fi",7.1,421657
Friends with Benefits,2011,109,"Comedy,Romance",6.5,420851
Mission: Impossible - Fallout,2018,147,"Action,Adventure,Thriller",7.7,420774
Beetlejuice,1988,92,"Comedy,Fantasy",7.4,419071
Brokeback Mountain,2005,134,"Drama,Romance",7.7,417914
Superman,2025,129,"Action,Adventure,Sci-Fi",7.0,417901
The Nice Guys,2016,116,"Action,Comedy,Crime",7.4,417631
The Lego Movie,2014,100,"Action,Adventure,Animation",7.7,417246
Ferris Bueller's Day Off,1986,103,Comedy,7.8,416928
50 First Dates,2004,99,"Comedy,Drama,Romance",6.8,416153
One Battle After Another,2025,161,"Crime,Drama,Thriller",7.6,415694
The Hunger Games: Mockingjay - Part 2,2015,137,"Action,Adventure,Sci-Fi",6.6,415620
Signs,2002,106,"Drama,Mystery,Sci-Fi",6.8,414995
Mission: Impossible II,2000,123,"Action,Adventure,Thriller",6.1,414968
Jumanji,1995,104,"Adventure,Comedy,Family",7.1,414470
Shazam!,2019,132,"Action,Adventure,Comedy",7.0,414253
John Wick: Chapter 4,2023,169,"Action,Crime,Thriller",7.6,412952
Men in Black 3,2012,106,"Action,Adventure,Comedy",6.8,412664
Sleepy Hollow,1999,105,"Fantasy,Horror,Mystery",7.3,412583
The Nightmare Before Christmas,1993,76,"Adventure,Animation,Family",7.9,412056
The Hunt,2012,115,Drama,8.3,411013
Night at the Museum,2006,108,"Adventure,Comedy,Family",6.5,410970
Solo: A Star Wars Story,2018,135,"Action,Adventure,Sci-Fi",6.9,410814
Raging Bull,1980,129,"Biography,Drama,Sport",8.1,410591
The Aviator,2004,170,"Biography,Drama",7.5,409450
Poor Things,2023,141,"Comedy,Drama,Romance",7.7,408939
Constantine,2005,121,"Action,Fantasy,Horror",7.0,408831
The Fighter,2010,116,"Action,Biography,Drama",7.8,408608
Once Upon a Time in America,1984,229,"Crime,Drama",8.3,408523
The Italian Job,2003,111,"Action,Crime,Thriller",7.0,407815
Die Hard 2,1990,124,"Action,Thriller",7.2,407619
Sweeney Todd: The Demon Barber of Fleet Street,2007,116,"Drama,Horror,Musical",7.3,407023
Pretty Woman,1990,119,"Comedy,Romance",7.1,406740
Yes Man,2008,104,"Comedy,Romance",6.8,405451
Jackie Brown,1997,154,"Crime,Drama,Thriller",7.5,405075
The Illusionist,2006,110,"Drama,Fantasy,Mystery",7.5,404944
How to Train Your Dragon 2,2014,102,"Action,Adventure,Animation",7.8,402849
The Ring,2002,115,"Horror,Mystery",7.1,402837
Kingsman: The Golden Circle,2017,141,"Action,Adventure,Comedy",6.7,402355
Seven Samurai,1954,207,"Action,Drama",8.6,402263
Anchorman: The Legend of Ron Burgundy,2004,94,Comedy,7.1,402221
Downfall,2004,156,"Biography,Drama,History",8.2,400896
Knocked Up,2007,129,"Comedy,Romance",6.9,400196
Wedding Crashers,2005,119,"Comedy,Romance",7.0,398956
The Proposal,2009,108,"Comedy,Drama,Romance",6.8,398532
Flight,2012,138,"Drama,Thriller",7.3,398057
The Accountant,2016,128,"Action,Crime,Drama",7.3,397450
Snow White,2025,109,"Adventure,Family,Fantasy",2.2,396263
Moon,2009,97,"Drama,Mystery,Sci-Fi",7.8,395992
Nobody,2021,92,"Action,Crime,Drama",7.4,395625
Annihilation,2018,115,"Adventure,Drama,Horror",6.8,394779
Your Name.,2016,106,"Animation,Drama,Fantasy",8.4,394663
Us,2019,116,"Horror,Mystery,Thriller",6.8,393910
Terminator Salvation,2009,115,"Action,Adventure,Sci-Fi",6.5,393281
Hotel Rwanda,2004,121,"Biography,Drama,History",8.1,392492
Jack Reacher,2012,130,"Action,Thriller",7.0,392481
Click,2006,107,"Comedy,Drama,Fantasy",6.4,388427
The Blind Side,2009,129,"Biography,Drama,Sport",7.6,388080
Ocean's Thirteen,2007,122,"Crime,Thriller",6.9,387704
Tron: Legacy,2010,125,"Action,Adventure,Sci-Fi",6.8,387661
Grave of the Fireflies,1988,88,"Animation,Drama,War",8.5,387334
Cloud Atlas,2012,172,"Drama,Mystery,Sci-Fi",7.3,386951
Pirates of the Caribbean: Dead Men Tell No Tales,2017,129,"Action,Adventure,Fantasy",6.5,386345
The Deer Hunter,1978,183,"Drama,War",8.1,386344
Notting Hill,1999,124,"Comedy,Drama,Romance",7.2,385690
Black Panther: Wakanda Forever,2022,161,"Action,Adventure,Animation",6.6,385293
10 Cloverfield Lane,2016,103,"Drama,Horror,Sci-Fi",7.2,385210
Once Upon a Time in the West,1968,145,"Drama,Western",8.5,384626
Moonrise Kingdom,2012,94,"Adventure,Comedy,Drama",7.7,383400
Jurassic World: Fallen Kingdom,2018,128,"Action,Adventure,Sci-Fi",6.1,382487
Boyhood,2014,165,Drama,7.9,382186
Total Recall,1990,113,"Action,Adventure,Sci-Fi",7.5,382063
Real Steel,2011,127,"Action,Drama,Sci-Fi",7.1,381383
Super 8,2011,112,"Action,Sci-Fi,Thriller",7.0,381306
The Rock,1996,136,"Action,Adventure,Thriller",7.4,381104
The Expendables,2010,103,"Action,Adventure,Thriller",6.4,380755
Meet the Parents,2000,108,"Comedy,Romance",7.0,379263
Before Sunrise,1995,101,"Comedy,Drama,Romance",8.1,378915
Pride & Prejudice,2005,129,"Drama,Romance",7.8,377998
National Treasure,2004,131,"Action,Adventure,Mystery",6.9,377876
The Interview,2014,112,"Action,Adventure,Comedy",6.5,377645
Interview with the Vampire: The Vampire Chronicles,1994,123,"Drama,Fantasy,Horror",7.5,377500
Burn After Reading,2008,96,"Comedy,Crime,Drama",7.0,377094
True Grit,2010,110,"Drama,Western",7.6,376950
Chinatown,1974,130,"Drama,Mystery,Thriller",8.1,376682
Shooter,2007,124,"Action,Drama,Thriller",7.2,376562
The Mist,2007,126,"Horror,Sci-Fi,Thriller",7.1,375803
Kong: Skull Island,2017,118,"Action,Adventure,Fantasy",6.7,375495
Fantastic Four,2005,106,"Action,Adventure,Fantasy",5.7,374418
Pineapple Express,2008,111,"Action,Comedy,Crime",6.9,373559
The Secret Life of Walter Mitty,2013,114,"Adventure,Comedy,Drama",7.3,372742
Marriage Story,2019,137,"Drama,Romance",7.9,372518
Due Date,2010,95,"Comedy,Drama",6.5,372407
Scent of a Woman,1992,156,Drama,8.0,372375
Incredibles 2,2018,118,"Action,Adventure,Animation",7.5,371811
Jurassic Park III,2001,92,"Action,Adventure,Sci-Fi",6.0,371513
From Dusk Till Dawn,1996,108,"Action,Crime,Horror",7.2,371030
Hellboy,2004,122,"Action,Adventure,Fantasy",6.9,370985
Pearl Harbor,2001,183,"Action,Drama,Romance",6.3,370248
Being John Malkovich,1999,113,"Comedy,Drama,Fantasy",7.7,369301
North by Northwest,1959,136,"Adventure,Drama,Mystery",8.3,368923
The Dictator,2012,83,Comedy,6.5,368840
The Mummy Returns,2001,130,"Action,Adventure,Fantasy",6.4,368518
The Holiday,2006,136,"Comedy,Romance",7.0,368137
Insidious,2010,103,"Horror,Mystery,Thriller",6.8,367580
Weapons,2025,128,"Horror,Mystery",7.4,366279
F1: The Movie,2025,155,"Drama,Sport",7.6,365732
Lady Bird,2017,94,"Comedy,Drama",7.4,364728
28 Weeks Later,2007,100,"Horror,Sci-Fi",6.8,364421
The Hangover Part III,2013,100,"Comedy,Crime",5.9,364235
The Simpsons Movie,2007,87,"Adventure,Animation,Comedy",7.3,363816
Liar Liar,1997,86,"Comedy,Fantasy",6.9,363533
Equilibrium,2002,107,"Action,Drama,Sci-Fi",7.3,362745
Les Misérables,2012,158,"Drama,Musical,Romance",7.5,362713
Now You See Me 2,2016,129,"Action,Adventure,Comedy",6.4,362044
The Book of Eli,2010,118,"Action,Adventure,Drama",6.8,361667
Shrek the Third,2007,93,"Adventure,Animation,Comedy",6.1,361359
Up in the Air,2009,109,"Comedy,Drama,Romance",7.4,361200
Call Me by Your Name,2017,132,"Drama,Romance",7.8,360120
Lord of War,2005,122,"Crime,Drama",7.6,359884
Apocalypto,2006,139,"Action,Adventure,Drama",7.9,359810
Beauty and the Beast,2017,129,"Adventure,Family,Fantasy",7.1,359408
School of Rock,2003,109,"Comedy,Music",7.2,358982
Kung Fu Panda 2,2011,90,"Action,Adventure,Animation",7.3,358481
Manchester by the Sea,2016,137,Drama,7.8,357934
Uncut Gems,2019,135,"Crime,Drama,Thriller",7.4,357526
Donnie Brasco,1997,127,"Biography,Crime,Drama",7.7,357302
The Man from U.N.C.L.E.,2015,116,"Action,Adventure,Comedy",7.2,357295
Fifty Shades of Grey,2015,125,"Drama,Romance,Thriller",4.2,357003
It: Chapter Two,2019,169,"Drama,Fantasy,Horror",6.5,356307
Gone with the Wind,1939,238,"Drama,Romance,War",8.2,355924
Red Notice,2021,118,"Action,Comedy,Thriller",6.3,355398
Kingdom of Heaven,2005,144,"Action,Adventure,Drama",7.3,354921
Ace Ventura: Pet Detective,1994,86,Comedy,6.9,354801
50/50,2011,100,"Comedy,Drama,Romance",7.6,354650
The Untouchables,1987,119,"Crime,Drama,Thriller",7.8,353758
The Witch,2015,92,"Drama,Fantasy,Horror",7.0,353297
Alien³,1992,114,"Action,Horror,Sci-Fi",6.4,353120
Moonlight,2016,111,Drama,7.4,352932
8 Mile,2002,110,"Drama,Music",7.2,352325
"O Brother, Where Art Thou?",2000,107,"Adventure,Comedy,Crime",7.7,352251
Pitch Perfect,2012,112,"Comedy,Music,Romance",7.1,351734
3:10 to Yuma,2007,122,"Action,Crime,Drama",7.6,351509
To Kill a Mockingbird,1962,129,"Crime,Drama",8.2,350916
Transformers: Age of Extinction,2014,165,"Action,Adventure,Animation",5.6,350489
Magnolia,1999,188,Drama,8.0,350233
Batman Returns,1992,126,"Action,Crime,Fantasy",7.1,350024
Hitch,2005,118,"Comedy,Romance",6.6,349795
Hugo,2011,126,"Adventure,Drama,Family",7.5,349794
Project Hail Mary,2026,156,"Adventure,Comedy,Drama",8.3,348738
The Greatest Showman,2017,105,"Biography,Drama,Musical",7.5,348735
There's Something About Mary,1998,119,"Comedy,Romance",7.1,348594
Gattaca,1997,106,"Drama,Sci-Fi,Thriller",7.7,347862
Mulan,1998,87,"Adventure,Animation,Comedy",7.7,347189
The Fugitive,1993,130,"Action,Crime,Drama",7.8,347168
Elf,2003,97,"Adventure,Comedy,Family",7.1,347104
Starship Troopers,1997,129,"Action,Adventure,Sci-Fi",7.3,347049
Deja Vu,2006,126,"Action,Crime,Sci-Fi",7.1,346062
Neighbors,2014,97,Comedy,6.3,345987
Law Abiding Citizen,2009,109,"Action,Crime,Drama",7.4,345874
Alien: Covenant,2017,122,"Horror,Sci-Fi,Thriller",6.4,345753
El Camino,2019,122,"Crime,Drama,Thriller",7.3,345623
Bridge of Spies,2015,142,"Drama,History,Thriller",7.6,344962
The Conjuring 2,2016,134,"Horror,Mystery,Thriller",7.3,344036
Hachi: A Dog's Tale,2009,93,"Biography,Drama,Family",8.1,343736
Insomnia,2002,118,"Drama,Mystery,Thriller",7.2,343654
Salt,2010,100,"Action,Thriller",6.5,343267
The Island,2005,136,"Action,Sci-Fi,Thriller",6.8,342636
Step Brothers,2008,98,Comedy,6.9,342043
Zero Dark Thirty,2012,157,"Drama,History,Thriller",7.4,342007
Lawrence of Arabia,1962,227,"Adventure,Biography,Drama",8.3,341759
Con Air,1997,115,"Action,Crime,Thriller",6.9,340116
A.I. Artificial Intelligence,2001,146,"Adventure,Drama,Sci-Fi",7.2,339814
Halloween,1978,91,"Horror,Thriller",7.7,339633
Nocturnal Animals,2016,116,"Drama,Thriller",7.4,339618
Lucky Number Slevin,2006,110,"Crime,Drama,Thriller",7.7,339300
Apollo 13,1995,140,"Adventure,Drama,History",7.7,339230
RED,2010,111,"Action,Comedy,Crime",7.0,339193
The Transporter,2002,92,"Action,Crime,Thriller",6.8,338597
Jumper,2008,88,"Action,Adventure,Sci-Fi",6.1,338256
As Good as It Gets,1997,139,"Comedy,Drama,Romance",7.7,338087
A Bug's Life,1998,95,"Adventure,Animation,Comedy",7.2,337683
Taken 2,2012,92,"Action,Crime,Thriller",6.2,337365
Me Before You,2016,110,"Drama,Romance",7.4,336717
Fast & Furious,2009,107,"Action,Thriller",6.5,336314
Final Destination,2000,98,"Horror,Thriller",6.7,336225
The Royal Tenenbaums,2001,110,"Comedy,Drama",7.6,335796
Predestination,2014,97,"Action,Drama,Sci-Fi",7.4,335752
Creed,2015,133,"Action,Drama,Sport",7.6,335487
Public Enemies,2009,140,"Biography,Crime,Drama",6.9,335281
Finding Dory,2016,97,"Adventure,Animation,Comedy",7.2,334978
The Expendables 2,2012,103,"Action,Adventure,Thriller",6.6,334774
The Lobster,2015,119,"Drama,Romance,Sci-Fi",7.1,334764
Death Proof,2007,127,"Drama,Thriller",7.0,334590
How the Grinch Stole Christmas,2000,104,"Comedy,Family,Fantasy",6.4,333676
The Fast and the Furious: Tokyo Drift,2006,104,"Action,Crime,Thriller",6.1,333008
All Quiet on the Western Front,2022,148,"Drama,History,War",7.8,332533
Fantastic Beasts: The Crimes of Grindelwald,2018,134,"Adventure,Family,Fantasy",6.5,332204
Don't Breathe,2016,88,"Crime,Horror,Thriller",7.1,331654
The Wrestler,2008,109,"Drama,Sport",7.9,331494
Contagion,2011,106,"Drama,Thriller",6.8,331322
Blade,1998,120,"Action,Horror,Sci-Fi",7.1,331060
Rush Hour,1998,98,"Action,Comedy,Crime",7.1,330348
Atonement,2007,123,"Drama,Mystery,Romance",7.8,329972
Babel,2006,143,Drama,7.4,329381
300: Rise of an Empire,2014,102,"Action,Animation,Drama",6.2,329282
Corpse Bride,2005,77,"Animation,Comedy,Drama",7.4,328864
The Bourne Legacy,2012,135,"Action,Adventure,Thriller",6.6,328804
Scary Movie,2000,88,Comedy,6.3,328722
Mission: Impossible - Dead Reckoning Part One,2023,163,"Action,Adventure,Thriller",7.6,328576
War for the Planet of the Apes,2017,140,"Action,Adventure,Animation",7.4,327462
The Goonies,1985,114,"Adventure,Comedy,Family",7.7,327365
Grease,1978,110,"Comedy,Musical,Romance",7.2,326834
Megamind,2010,95,"Action,Adventure,Animation",7.3,326481
Angels & Demons,2009,138,"Mystery,Thriller",6.7,326325
Seven Pounds,2008,123,"Drama,Mystery,Thriller",7.6,326234
Bridesmaids,2011,125,Comedy,6.8,326178
The Platform,2019,94,"Horror,Mystery,Sci-Fi",7.0,325375
2 Fast 2 Furious,2003,107,"Action,Crime,Thriller",6.0,325050
Lone Survivor,2013,121,"Action,Biography,Drama",7.5,324526
Alita: Battle Angel,2019,122,"Action,Adventure,Animation",7.3,324314
A Quiet Place Part II,2020,97,"Drama,Horror,Sci-Fi",7.2,324061
How to Lose a Guy in 10 Days,2003,116,"Comedy,Romance",6.5,323684
The Twilight Saga: New Moon,2009,130,"Adventure,Drama,Fantasy",4.8,323046
Sully,2016,96,"Biography,Drama,History",7.4,323017
Murder on the Orient Express,2017,114,"Comedy,Crime,Drama",6.5,321856
Furiosa: A Mad Max Saga,2024,148,"Action,Adventure,Sci-Fi",7.5,321481
Jumanji: The Next Level,2019,123,"Action,Adventure,Comedy",6.6,320533
Rango,2011,107,"Action,Adventure,Animation",7.3,320311
Forgetting Sarah Marshall,2008,111,"Comedy,Drama,Romance",7.1,320296
Fear and Loathing in Las Vegas,1998,118,"Adventure,Comedy,Drama",7.4,319821
Frankenstein,2025,149,"Drama,Fantasy,Horror",7.4,319272
Ice Age: The Meltdown,2006,91,"Adventure,Animation,Comedy",6.8,318925
The Blair Witch Project,1999,81,"Horror,Mystery",6.5,318111
Prince of Persia: The Sands of Time,2010,116,"Action,Adventure,Fantasy",6.5,318041
A Few Good Men,1992,138,"Drama,Thriller",7.8,317831
Zoolander,2001,90,Comedy,6.5,317698
Nope,2022,130,"Horror,Mystery,Sci-Fi",6.8,317678
Sinister,2012,110,"Horror,Mystery,Thriller",6.8,317388
Cinema Paradiso,1988,174,"Drama,Romance",8.5,317100
Mrs. Doubtfire,1993,125,"Comedy,Drama,Family",7.1,317009
Bad Boys,1995,119,"Action,Comedy,Crime",6.8,316165
Wind River,2017,107,"Crime,Drama,Mystery",7.7,316144
Toy Story 4,2019,100,"Adventure,Animation,Comedy",7.6,316111
Before Sunset,2004,80,"Drama,Romance",8.1,316056
Serenity,2005,119,"Action,Adventure,Sci-Fi",7.8,315899
Aladdin,2019,128,"Adventure,Comedy,Family",6.9,315573
Snow White and the Huntsman,2012,127,"Action,Adventure,Drama",6.1,315343
Almost Famous,2000,122,"Adventure,Comedy,Drama",7.9,315064
BlacKkKlansman,2018,135,"Biography,Comedy,Crime",7.5,315057
Panic Room,2002,112,"Crime,Drama,Thriller",6.8,314959
Moulin Rouge!,2001,127,"Drama,Musical,Romance",7.5,314895
Hotel Transylvania,2012,91,"Animation,Comedy,Family",7.0,314895
1408,2007,104,"Fantasy,Horror,Mystery",6.8,314847
Contact,1997,150,"Drama,Mystery,Sci-Fi",7.5,314209
Grown Ups,2010,102,Comedy,6.0,314144
Hannibal,2001,131,"Crime,Drama,Thriller",6.8,314079
The World's End,2013,109,"Action,Comedy,Sci-Fi",6.9,313288
The Patriot,2000,165,"Action,Drama,War",7.2,313004
Dredd,2012,95,"Action,Crime,Sci-Fi",7.1,312668
The Little Mermaid,1989,83,"Adventure,Animation,Family",7.6,312605
Jerry Maguire,1996,139,"Comedy,Drama,Romance",7.3,312456
Red Dragon,2002,124,"Crime,Drama,Thriller",7.2,312121
Wonder Woman 1984,2020,151,"Action,Adventure,Fantasy",5.3,311611
Gone Baby Gone,2007,114,"Crime,Drama,Mystery",7.6,311567
Resident Evil,2002,100,"Action,Horror,Sci-Fi",6.6,311468
Dances with Wolves,1990,181,"Adventure,Drama,Western",8.0,310841
The Intern,2015,121,"Comedy,Drama",7.1,310672
Gone in 60 Seconds,2000,118,"Action,Crime,Thriller",6.5,310575
The Place Beyond the Pines,2012,140,"Crime,Drama,Thriller",7.3,310252
The Other Guys,2010,107,"Action,Comedy,Crime",6.7,310215
RoboCop,1987,102,"Action,Crime,Sci-Fi",7.6,309359
Vanilla Sky,2001,136,"Fantasy,Mystery,Romance",6.9,309322
Office Space,1999,89,Comedy,7.6,309250
Green Lantern,2011,114,"Action,Adventure,Animation",5.5,309003
Maze Runner: The Scorch Trials,2015,131,"Action,Adventure,Sci-Fi",6.3,308622
Killers of the Flower Moon,2023,206,"Crime,Drama,History",7.5,308553
Train to Busan,2016,118,"Action,Horror,Thriller",7.6,308310
Happy Gilmore,1996,92,"Comedy,Sport",7.0,308280
Terminator Genisys,2015,126,"Action,Adventure,Sci-Fi",6.3,307947
Van Helsing,2004,131,"Action,Adventure,Fantasy",6.1,307577
Olympus Has Fallen,2013,119,"Action,Thriller",6.5,307293
Mamma Mia!,2008,108,"Comedy,Musical,Romance",6.5,307051
Boogie Nights,1997,155,Drama,7.9,306574
Fantastic Mr. Fox,2009,87,"Adventure,Animation,Comedy",7.9,306285
The Jungle Book,2016,106,"Action,Adventure,Animation",7.3,306097
Clash of the Titans,2010,106,"Action,Adventure,Fantasy",5.8,305429
Venom: Let There Be Carnage,2021,97,"Action,Adventure,Animation",5.9,304934
Glass,2019,129,"Drama,Fantasy,Horror",6.6,304656
Black Adam,2022,125,"Action,Adventure,Fantasy",6.1,304542
Some Like It Hot,1959,121,"Comedy,Music,Romance",8.2,304463
The Matrix Resurrections,2021,148,"Action,Sci-Fi",5.6,303774
Superman Returns,2006,154,"Action,Adventure,Sci-Fi",6.1,303360
The Lighthouse,2019,109,"Drama,Fantasy,Horror",7.4,303324
The Sting,1973,129,"Comedy,Crime,Drama",8.2,302395
Gladiator II,2024,148,"Adventure,Drama",6.4,302271
Phone Booth,2002,81,"Crime,Thriller",7.1,302251
The Graduate,1967,106,"Comedy,Drama,Romance",8.0,302155
First Blood,1982,93,"Action,Adventure,Thriller",7.7,302077
Meet the Fockers,2004,115,"Comedy,Romance",6.4,301757
Coraline,2009,100,"Animation,Drama,Family",7.8,301262
Underworld,2003,121,"Action,Fantasy,Thriller",7.0,301207
Uncharted,2022,116,"Action,Adventure",6.3,301127
True Lies,1994,141,"Action,Comedy,Thriller",7.3,301048
Road to Perdition,2002,117,"Crime,Drama,Thriller",7.6,300892
The Northman,2022,137,"Action,Adventure,Drama",7.0,300771
For a Few Dollars More,1965,132,"Drama,Western",8.2,300548
Kick-Ass 2,2013,103,"Action,Comedy,Crime",6.5,300403
War Dogs,2016,114,"Biography,Comedy,Crime",7.1,300313
It Follows,2014,100,"Horror,Mystery,Thriller",6.8,300126
Meet Joe Black,1998,178,"Drama,Fantasy,Romance",7.2,299857
Fantastic Four: Rise of the Silver Surfer,2007,92,"Action,Adventure,Fantasy",5.6,299633
John Carter,2012,132,"Action,Adventure,Animation",6.6,299536
Stardust,2007,127,"Adventure,Fantasy,Romance",7.6,299058
Hellboy II: The Golden Army,2008,120,"Action,Adventure,Fantasy",7.0,299047
The Whale,2022,117,Drama,7.6,298301
Encanto,2021,102,"Animation,Comedy,Family",7.2,297735
Saw II,2005,93,"Horror,Mystery",6.6,297585
Cruella,2021,134,"Adventure,Comedy,Crime",7.3,297348
The Village,2004,108,"Drama,Mystery,Thriller",6.6,297124
The Super Mario Bros. Movie,2023,92,"Adventure,Animation,Comedy",7.0,296911
The Banshees of Inisherin,2022,114,"Comedy,Drama",7.6,296771
Robin Hood,2010,140,"Action,Adventure,Drama",6.6,296643
Lethal Weapon,1987,109,"Action,Crime,Thriller",7.6,296401
Warcraft,2016,123,"Action,Adventure,Animation",6.7,296005
Focus,2015,105,"Comedy,Crime,Drama",6.6,295533
"Crouching Tiger, Hidden Dragon",2000,120,"Action,Adventure,Drama",7.9,295372
Dark Shadows,2012,113,"Comedy,Fantasy,Horror",6.2,294661
Identity,2003,90,"Mystery,Thriller",7.3,293786
Enemy at the Gates,2001,131,"Action,Drama,War",7.5,293723
End of Watch,2012,109,"Action,Crime,Drama",7.6,292979
Alien: Resurrection,1997,109,"Action,Horror,Sci-Fi",6.2,292395
The Lion King,2019,118,"Adventure,Animation,Drama",6.8,292350
Hulk,2003,138,"Action,Sci-Fi",5.7,292053
Hook,1991,142,"Adventure,Comedy,Family",6.8,292009
Dog Day Afternoon,1975,125,"Biography,Crime,Drama",8.0,291758
A Nightmare on Elm Street,1984,91,Horror,7.4,291662
Annie Hall,1977,93,"Comedy,Romance",7.9,291427
The Sound of Music,1965,174,"Biography,Drama,Family",8.1,291406
Just Go with It,2011,117,"Comedy,Romance",6.4,290934
Extraction,2020,116,"Action,Crime,Thriller",6.8,290486
Hidden Figures,2016,127,"Biography,Drama,History",7.8,290248
Alien: Romulus,2024,119,"Horror,Sci-Fi,Thriller",7.1,289054
Airplane!,1980,88,Comedy,7.7,288943
Dawn of the Dead,2004,101,"Action,Horror",7.2,288898
Bad Boys II,2003,147,"Action,Comedy,Crime",6.6,288835
Anora,2024,139,"Comedy,Drama,Romance",7.4,288671
Seven Psychopaths,2012,110,"Comedy,Crime,Drama",7.1,288434
Das Boot,1981,149,"Drama,War",8.3,288281
Sunshine,2007,107,"Sci-Fi,Thriller",7.2,288030
Non-Stop,2014,106,"Action,Mystery,Thriller",6.9,287842
Blow,2001,124,"Biography,Crime,Drama",7.5,287712
Primal Fear,1996,129,"Crime,Drama,Mystery",7.7,287504
American Pie 2,2001,108,Comedy,6.5,287388
Bridget Jones's Diary,2001,97,"Comedy,Drama,Romance",6.8,287289
GoldenEye,1995,130,"Action,Adventure,Thriller",7.2,286850
Dodgeball: A True Underdog Story,2004,92,"Comedy,Sport",6.7,286734
Ice Age: Dawn of the Dinosaurs,2009,94,"Adventure,Animation,Comedy",6.9,286511
Legally Blonde,2001,96,"Comedy,Romance",6.5,286294
The Invisible Man,2020,124,"Drama,Horror,Mystery",7.1,286161
Cloudy with a Chance of Meatballs,2009,90,"Adventure,Animation,Comedy",6.9,286105
Modern Times,1936,87,"Comedy,Drama,Romance",8.5,285581
Minions,2015,91,"Adventure,Animation,Comedy",6.4,285460
Lincoln,2012,150,"Biography,Drama,History",7.3,285119
Little Women,2019,135,"Drama,Romance",7.8,284984
Chappie,2015,120,"Action,Crime,Drama",6.8,284381
The Adjustment Bureau,2011,106,"Crime,Drama,Mystery",7.0,283179
Singin' in the Rain,1952,103,"Comedy,Musical,Romance",8.3,283129
Paul,2011,104,"Adventure,Comedy,Sci-Fi",6.9,282925
Birds of Prey and the Fantabulous Emancipation of One Harley Quinn,2020,109,"Action,Comedy,Crime",6.1,282913
Batman & Robin,1997,125,"Action,Sci-Fi",3.8,282910
The Twilight Saga: Breaking Dawn - Part 2,2012,115,"Adventure,Drama,Fantasy",5.6,282865
Batman Forever,1995,121,"Action,Adventure",5.5,282642
Thunderbolts*,2025,127,"Action,Adventure,Crime",7.1,282572
The Twilight Saga: Eclipse,2010,124,"Action,Adventure,Drama",5.1,282413
Ad Astra,2019,123,"Adventure,Drama,Mystery",6.5,281786
The Elephant Man,1980,124,"Biography,Drama",8.2,281661
21,2008,123,"Crime,Drama,Thriller",6.8,281480
Vicky Cristina Barcelona,2008,96,"Comedy,Drama,Romance",7.1,281017
Walk the Line,2005,136,"Biography,Drama,Music",7.8,280947
Dirty Dancing,1987,100,"Drama,Music,Romance",7.1,280765
Hercules,1997,93,"Action,Adventure,Animation",7.3,280398
Game Night,2018,100,"Action,Adventure,Comedy",6.9,279793
Perfume: The Story of a Murderer,2006,147,"Crime,Drama,Fantasy",7.5,279452
Southpaw,2015,124,"Action,Drama,Sport",7.3,279281
Clueless,1995,97,"Comedy,Romance",6.9,278652
Hell or High Water,2016,102,"Crime,Drama,Thriller",7.6,278508
A Separation,2011,123,Drama,8.3,278273
Chronicle,2012,84,"Crime,Drama,Mystery",7.0,278230
Orphan,2009,123,"Horror,Mystery,Thriller",7.0,278150
Eastern Promises,2007,100,"Crime,Drama,Thriller",7.6,278016
Crank,2006,88,"Action,Crime,Thriller",6.9,277905
The Great Escape,1963,172,"Adventure,Drama,Thriller",8.2,277855
Life,2017,104,"Horror,Sci-Fi,Thriller",6.6,277760
The A-Team,2010,117,"Action,Adventure,Crime",6.7,277527
Noah,2014,138,"Action,Adventure,Drama",5.8,277333
Unknown,2011,113,"Action,Mystery,Thriller",6.8,276735
Total Recall,2012,118,"Action,Adventure,Sci-Fi",6.2,276589
San Andreas,2015,114,"Action,Adventure,Animation",6.1,276203
RocknRolla,2008,114,"Action,Crime,Thriller",7.2,275540
Changeling,2008,141,"Biography,Crime,Drama",7.7,275368
Valkyrie,2008,121,"Drama,History,Thriller",7.1,275259
The Boy in the Striped Pajamas,2008,94,"Drama,War",7.7,275224
Enemy of the State,1998,132,"Action,Thriller",7.3,275219
The Fate of the Furious,2017,136,"Action,Crime,Thriller",6.6,274968
Gremlins,1984,106,"Comedy,Fantasy,Horror",7.3,274963
Conclave,2024,120,"Drama,Thriller",7.4,274906
The Grey,2011,117,"Action,Adventure,Drama",6.7,274818
The Passion of the Christ,2004,127,Drama,7.3,274814
Disturbia,2007,105,"Crime,Drama,Mystery",6.8,274740
Spy,2015,120,"Action,Comedy",7.0,274720
Philadelphia,1993,125,Drama,7.7,274520
Dungeons & Dragons: Honor Among Thieves,2023,134,"Action,Adventure,Comedy",7.2,274492
The Reader,2008,124,"Drama,Mystery,Romance",7.6,274237
Rio,2011,96,"Adventure,Animation,Comedy",6.9,274127
The Gray Man,2022,122,"Action,Mystery,Thriller",6.5,274126
Austin Powers: International Man of Mystery,1997,89,"Adventure,Comedy",7.0,274045
Prey,2022,100,"Action,Adventure,Horror",7.1,273898
The Twilight Saga: Breaking Dawn - Part 1,2011,117,"Adventure,Drama,Fantasy",5.0,273879
A History of Violence,2005,96,"Action,Crime,Drama",7.4,273804
The Descent,2005,99,"Adventure,Horror,Thriller",7.2,273408
The Bucket List,2007,97,"Adventure,Comedy,Drama",7.3,272981
The Talented Mr. Ripley,1999,139,"Crime,Drama,Thriller",7.4,272661
Paranormal Activity,2007,86,"Horror,Mystery",6.3,272495
When Harry Met Sally...,1989,95,"Comedy,Drama,Romance",7.7,272453
The Divergent Series: Insurgent,2015,119,"Action,Adventure,Animation",6.2,271965
The Karate Kid,1984,126,"Action,Drama,Family",7.3,271936
Madagascar: Escape 2 Africa,2008,89,"Adventure,Animation,Comedy",6.7,271798
The Polar Express,2004,100,"Adventure,Animation,Family",6.6,271735
The Road,2009,111,"Drama,Thriller",7.2,271472
Amores Perros,2000,154,"Drama,Thriller",8.0,271287
Ben-Hur,1959,212,"Adventure,Drama",8.1,271257
Escape Plan,2013,115,"Action,Thriller",6.7,270978
Ant-Man and the Wasp: Quantumania,2023,124,"Action,Adventure,Animation",6.0,270919
The Lincoln Lawyer,2011,118,"Crime,Drama,Mystery",7.3,270744
The Babadook,2014,94,"Drama,Horror,Mystery",6.8,270531
Star Trek Beyond,2016,122,"Action,Adventure,Sci-Fi",7.0,270405
Battleship,2012,131,"Action,Adventure,Sci-Fi",5.8,270034
Civil War,2024,109,"Action,Thriller,War",7.0,269914
Ghost Rider,2007,110,"Action,Fantasy,Thriller",5.3,269776
Tarzan,1999,88,"Adventure,Animation,Comedy",7.3,269532
The Beach,2000,119,"Adventure,Drama,Romance",6.6,269257
What's Eating Gilbert Grape,1993,118,Drama,7.7,269255
The Tourist,2010,103,"Action,Romance,Thriller",6.0,268994
Mother!,2017,121,"Drama,Horror,Mystery",6.6,268852
Dracula,1992,128,"Fantasy,Horror,Romance",7.4,268469
Memories of Murder,2003,131,"Crime,Drama,Mystery",8.1,268387
Natural Born Killers,1994,119,"Crime,Romance",7.2,268162
Godzilla vs. Kong,2021,113,"Action,Sci-Fi,Thriller",6.3,267919
Nosferatu,2024,132,"Fantasy,Horror,Mystery",7.1,267656
National Treasure: Book of Secrets,2007,124,"Action,Adventure,Mystery",6.5,267562
Saltburn,2023,131,"Drama,Thriller",7.0,267359
The Fantastic Four: First Steps,2025,115,"Action,Adventure,Sci-Fi",6.8,267321
Lion,2016,118,"Biography,Drama",8.0,267078
The Fall Guy,2024,126,"Action,Comedy,Drama",6.8,265982
The Black Phone,2021,103,"Horror,Mystery,Thriller",6.9,265785
Misery,1990,107,"Drama,Thriller",7.8,265712
Ender's Game,2013,114,"Action,Adventure,Animation",6.6,265286
Pitch Black,2000,109,"Horror,Sci-Fi,Thriller",7.0,264245
"Me, Myself & Irene",2000,116,Comedy,6.6,264059
The Girl Next Door,2004,109,"Comedy,Drama,Romance",6.7,264018
The Impossible,2012,114,"Drama,History,Thriller",7.5,263647
The Holdovers,2023,133,"Comedy,Drama",7.9,263175
Predators,2010,107,"Action,Adventure,Sci-Fi",6.4,263031
Austin Powers: The Spy Who Shagged Me,1999,95,"Action,Adventure,Comedy",6.7,263016
Lawless,2012,116,"Biography,Crime,Drama",7.2,262978
The Hitman's Bodyguard,2017,118,"Action,Adventure,Comedy",6.9,262974
The Boondock Saints,1999,108,"Action,Crime,Thriller",7.6,262653
Barbarian,2022,102,"Horror,Mystery,Thriller",7.0,262614
Knowing,2009,121,"Mystery,Sci-Fi,Thriller",6.2,262475
Elvis,2022,159,"Biography,Drama,Music",7.3,262297
Cube,1997,90,"Horror,Mystery,Sci-Fi",7.1,261954
Ocean's Eight,2018,110,"Comedy,Crime,Thriller",6.3,261952
"I, Tonya",2017,119,"Biography,Comedy,Drama",7.5,261933
Sucker Punch,2011,110,"Action,Adventure,Fantasy",6.1,261750
Ted 2,2015,115,Comedy,6.3,261655
Sunset Boulevard,1950,110,"Drama,Film-Noir",8.4,261588
The Iron Giant,1999,86,"Action,Adventure,Animation",8.1,261463
Romeo + Juliet,1996,120,"Drama,Romance",6.7,261351
Silent Hill,2006,125,"Horror,Mystery",6.5,261148
Rush Hour 2,2001,90,"Action,Comedy,Crime",6.7,261141
The Purge,2013,85,"Horror,Sci-Fi,Thriller",5.8,261060
Big,1988,104,"Comedy,Drama,Fantasy",7.3,261039
True Romance,1993,119,"Crime,Drama,Romance",7.9,260811
The Descendants,2011,115,"Comedy,Drama",7.3,260069
The Favourite,2018,119,"Biography,Comedy,Drama",7.5,259223
Ghostbusters,2016,117,"Action,Comedy,Fantasy",6.8,259056
Mars Attacks!,1996,106,"Comedy,Sci-Fi",6.4,258968
Project X,2012,88,"Comedy,Thriller",6.7,258720
Rosemary's Baby,1968,137,"Drama,Horror",8.0,258627
The Adam Project,2022,106,"Action,Adventure,Animation",6.7,258611
The Great Dictator,1940,125,"Comedy,Drama,War",8.4,258511
The Fountain,2006,97,"Drama,Mystery,Romance",7.1,258485
Jason Bourne,2016,123,"Action,Thriller",6.6,258103
Mr. Nobody,2009,141,"Drama,Fantasy,Romance",7.7,257922
Fast & Furious Presents: Hobbs & Shaw,2019,137,"Action,Adventure,Thriller",6.4,257735
Cars 2,2011,106,"Adventure,Animation,Comedy",6.2,257733
Ghost,1990,126,"Drama,Fantasy,Romance",7.1,257199
Chicago,2002,113,"Comedy,Crime,Musical",7.2,257004
Rambo,2008,92,"Action,Thriller",7.0,256917
Master and Commander: The Far Side of the World,2003,138,"Action,Adventure,Drama",7.5,256707
Napoleon Dynamite,2004,96,Comedy,7.0,256677
Old School,2003,88,Comedy,7.0,256518
Promising Young Woman,2020,113,"Crime,Drama,Mystery",7.5,256463
The Artist,2011,100,"Comedy,Drama,Romance",7.8,255635
Warm Bodies,2013,98,"Action,Comedy,Horror",6.8,255633
No Strings Attached,2011,108,"Comedy,Romance",6.2,255631
