company,year,advertising_usd_millions_nominal,sec_filing
Google,2001,66.932,S-1 2004-08-04 0001193125-04-131481
Google,2002,410.915,S-1 2004-08-04 0001193125-04-131481
Google,2003,1420.663,S-1 2004-08-04 0001193125-04-131481
Google,2004,3143.288,10-K FY2004 0001193125-05-065298
Google,2005,6065.0,10-K FY2007 0001193125-08-032690
Google,2006,10492.6,10-K FY2007 0001193125-08-032690
Google,2007,16412.6,10-K FY2007 0001193125-08-032690
Google,2008,21129,10-K FY2010 0001193125-11-032930 (XBRL)
Google,2009,22889,10-K FY2010 0001193125-11-032930 (XBRL)
Google,2010,28236,10-K FY2010 0001193125-11-032930 (XBRL)
Google,2011,36531,10-K FY2011 0001193125-12-025336 (XBRL)
Google,2012,43686,10-K FY2014 0001288776-15-000008 (XBRL)
Google,2013,50547,10-K FY2014 0001288776-15-000008 (XBRL)
Google,2014,59056,10-K FY2014 0001288776-15-000008 (XBRL)
Google,2015,67390,Alphabet 10-K FY2017 0001652044-18-000007
Google,2016,79383,Alphabet 10-K FY2017 0001652044-18-000007
Google,2017,95375,Alphabet 10-K FY2017 0001652044-18-000007
Google,2018,116461,Alphabet 10-K FY2020 0001652044-21-000010
Google,2019,134811,Alphabet 10-K FY2020 0001652044-21-000010
Google,2020,146924,Alphabet 10-K FY2022 0001652044-23-000016
Google,2021,209497,Alphabet 10-K FY2022 0001652044-23-000016
Google,2022,224473,Alphabet 10-K FY2022 0001652044-23-000016
Meta,2009,764,Facebook S-1 2012-02-01 0001193125-12-034517
Meta,2010,1868,Facebook S-1 2012-02-01 0001193125-12-034517
Meta,2011,3154,Facebook S-1 2012-02-01 0001193125-12-034517
Meta,2012,4279,Facebook 10-K FY2012 0001326801-13-000003 (XBRL)
Meta,2013,6986,Facebook 10-K FY2013 0001326801-14-000007 (XBRL)
Meta,2014,11492,Facebook 10-K FY2014 0001326801-15-000006 (XBRL)
Meta,2015,17079,Facebook 10-K FY2015 0001326801-16-000043 (XBRL)
Meta,2016,26885,Facebook 10-K FY2016 0001326801-17-000007 (XBRL)
Meta,2017,39942,Facebook 10-K FY2019 0001326801-20-000013
Meta,2018,55013,Facebook 10-K FY2019 0001326801-20-000013
Meta,2019,69655,Facebook 10-K FY2019 0001326801-20-000013
Meta,2020,84169,Meta 10-K FY2022 0001326801-23-000013
Meta,2021,114934,Meta 10-K FY2022 0001326801-23-000013
Meta,2022,113642,Meta 10-K FY2022 0001326801-23-000013
