year,median_family_income_2025_dollars,census_row_label
1947,35870,1947 (5)
1948,34730,1948
1949,34270,1949 (6)
1950,36160,1950
1951,37450,1951
1952,38620,1952 (7)
1953,41880,1953
1954,40690,1954
1955,43380,1955
1956,46170,1956
1957,46460,1957
1958,46380,1958
1959,48890,1959
1960,49960,1960
1961,50480,1961 (8)
1962,51920,1962 (9)
1963,53690,1963
1964,55900,1964
1965,58090,1965 (10)
1966,61180,1966 (11)
1967,62450,1967 (12)
1968,65360,1968
1969,68520,1969
1970,68340,1970
1971,68320,1971 (13)
1972,71450,1972 (14)
1973,73000,1973
1974,71160,1974 (16)(15)
1975,69850,1975 (16)
1976,72050,1976 (17)
1977,72430,1977
1978,74700,1978
1979,75760,1979 (18)
1980,73230,1980
1981,71190,1981
1982,70260,1982
1983,70730,1983
1984,73010,1984 (19)
1985,74080,1985 (20)
1986,77410,1986
1987,78720,1987 (21)
1988,78910,1988
1989,80340,1989
1990,79170,1990
1991,77660,1991
1992,77070,1992 (22)
1993,76000,1993 (23)
1994,78040,1994 (24)
1995,79840,1995 (25)
1996,81020,1996
1997,83570,1997
1998,86460,1998
1999,88500,1999 (29)
2000,88880,2000 (30)
2001,88080,2001
2002,87450,2002
2003,87330,2003
2004,87430,2004 (35)
2005,88320,2005
2006,89210,2006
2007,91370,2007
2008,88370,2008
2009,86660,2009 (36)
2010,85700,2010 (37)
2011,84140,2011
2012,84260,2012
2013,87570,2013 (39)
2014,87880,2014
2015,93310,2015
2016,95120,2016
2017,97880,2017 (40)
2018,99110,2018
2019,106800,2019
2020,103700,2020 (41)
2021,104200,2021
2022,101300,2022
2023,106000,2023
2024,107900,2024 (42)
2025,110500,2025
