unit_code,unit_name,park_name,state,region,unit_type,established_date,date_edit,longitude,latitude
ACAD,Acadia National Park,Acadia,ME,NE,National Parks,1919-02-26,2013-12-18,-68.303045,44.305861
ARCH,Arches National Park,Arches,UT,IM,National Parks,1971-11-12,2023-03-13,-109.586378,38.722624
BADL,Badlands National Park,Badlands,SD,MW,National Parks,1978-11-10,2024-03-18,-102.482735,43.685898
BIBE,Big Bend National Park,Big Bend,TX,IM,National Parks,1944-06-12,2018-01-09,-103.229379,29.297785
BISC,Biscayne National Park,Biscayne,FL,SE,National Parks,1980-06-28,2010-12-02,-80.210241,25.490592
BLCA,Black Canyon of the Gunnison National Park,Black Canyon of the Gunnison,CO,IM,National Parks,1999-10-21,2023-03-13,-107.724444,38.578033
BRCA,Bryce Canyon National Park,Bryce Canyon,UT,IM,National Parks,1928-02-25,2008-03-27,-112.182680,37.583997
CANY,Canyonlands National Park,Canyonlands,UT,IM,National Parks,1964-09-12,2010-04-26,-109.880173,38.245564
CARE,Capitol Reef National Park,Capitol Reef,UT,IM,National Parks,1971-12-18,2022-04-22,-111.176804,38.178611
CAVE,Carlsbad Caverns National Park,Carlsbad Caverns,NM,IM,National Parks,1930-05-14,2017-06-22,-104.552978,32.140900
CHIS,Channel Islands National Park,Channel Islands,CA,PW,National Parks,1980-03-05,2020-12-17,-119.911286,33.986806
CONG,Congaree National Park,Congaree,SC,SE,National Parks,2003-11-10,2022-06-07,-80.747501,33.791841
CRLA,Crater Lake National Park,Crater Lake,OR,PW,National Parks,1902-05-22,2017-06-05,-122.132762,42.941230
CUVA,Cuyahoga Valley National Park,Cuyahoga Valley,OH,MW,National Parks,2000-10-11,2025-06-10,-81.571024,41.259275
DEVA,Death Valley National Park,Death Valley,CA,PW,National Parks,1994-10-31,2025-12-15,-117.131583,36.481934
DENA,Denali National Park,Denali,AK,AK,National Parks,1917-02-26,2022-03-24,-150.730233,63.348240
DRTO,Dry Tortugas National Park,Dry Tortugas,FL,SE,National Parks,1992-10-26,2007-11-07,-82.871766,24.648854
EVER,Everglades National Park,Everglades,FL,SE,National Parks,1934-05-30,2019-06-24,-80.881659,25.375829
GAAR,Gates of the Arctic National Park,Gates of the Arctic,AK,AK,National Parks,1980-12-02,2019-03-21,-153.307840,67.803808
JEFF,Gateway Arch National Park,Gateway Arch,MO,MW,National Parks,2018-02-22,2025-03-10,-90.180395,38.623301
GLBA,Glacier Bay National Park,Glacier Bay,AK,AK,National Parks,1980-12-02,2022-03-24,-136.813137,58.794781
GLAC,Glacier National Park,Glacier,MT,IM,National Parks,1910-05-11,2023-12-04,-113.800956,48.684391
GRCA,Grand Canyon National Park,Grand Canyon,AZ,IM,National Parks,1919-02-26,2021-01-08,-112.683702,36.172775
GRTE,Grand Teton National Park,Grand Teton,WY,IM,National Parks,1929-02-26,2025-03-13,-110.705479,43.818542
GRBA,Great Basin National Park,Great Basin,NV,PW,National Parks,1986-10-27,2009-09-10,-114.257990,38.946179
GRSA,Great Sand Dunes National Park,Great Sand Dunes,CO,IM,National Parks,2004-09-24,2023-06-16,-105.628909,37.776640
GRSM,Great Smoky Mountains National Park,Great Smoky Mountains,TN,SE,National Parks,1934-06-15,2013-12-18,-83.507040,35.602092
GUMO,Guadalupe Mountains National Park,Guadalupe Mountains,TX,IM,National Parks,1972-09-30,2023-03-15,-104.885536,31.923050
HALE,Haleakala National Park,Haleakala,HI,PW,National Parks,1961-07-01,2025-09-17,-156.158741,20.706728
HAVO,Hawai'i Volcanoes National Park,Hawaii Volcanoes,HI,PW,National Parks,1916-08-01,2025-09-15,-155.476885,19.321373
HOSP,Hot Springs National Park,Hot Springs,AR,MW,National Parks,1921-03-04,2020-06-15,-93.063344,34.524123
INDU,Indiana Dunes National Park,Indiana Dunes,IN,MW,National Parks,2019-02-15,2025-06-12,-87.096788,41.637552
ISRO,Isle Royale National Park,Isle Royale,MI,MW,National Parks,1940-04-03,2023-09-21,-88.827881,48.011483
JOTR,Joshua Tree National Park,Joshua Tree,CA,PW,National Parks,1994-10-31,2025-12-15,-115.842473,33.915261
KATM,Katmai National Park,Katmai,AK,AK,National Parks,1980-12-02,2022-03-24,-154.977048,58.565696
KEFJ,Kenai Fjords National Park,Kenai Fjords,AK,AK,National Parks,1980-12-02,2019-03-21,-150.106062,59.818484
KICA,Kings Canyon National Park,Kings Canyon,CA,PW,National Parks,1940-03-04,2023-12-20,-118.598179,36.892175
KOVA,Kobuk Valley National Park,Kobuk Valley,AK,AK,National Parks,1980-12-02,2019-03-21,-159.200257,67.356313
LACL,Lake Clark National Park,Lake Clark,AK,AK,National Parks,1980-12-02,2022-03-24,-153.248072,60.554292
LAVO,Lassen Volcanic National Park,Lassen Volcanic,CA,PW,National Parks,1916-08-09,2015-08-19,-121.407613,40.493551
MACA,Mammoth Cave National Park,Mammoth Cave,KY,SE,National Parks,1941-07-01,2023-07-18,-86.129569,37.203274
MEVE,Mesa Verde National Park,Mesa Verde,CO,IM,National Parks,1906-06-29,2021-03-08,-108.462404,37.239089
MORA,Mount Rainier National Park,Mount Rainier,WA,PW,National Parks,1899-03-02,2015-11-17,-121.705657,46.861086
NPSA,National Park of American Samoa,National Park of American Samoa,SA,PW,National Parks,1988-10-31,2016-05-25,-169.907667,-14.244600
NERI,New River Gorge National Park and Preserve,New River Gorge,WV,NE,National Preserves,2020-12-27,2013-12-18,-81.001381,37.872274
NOCA,North Cascades National Park,North Cascades,WA,PW,National Parks,1968-10-02,2024-12-17,-121.205943,48.711982
OLYM,Olympic National Park,Olympic,WA,PW,National Parks,1938-06-29,2024-12-17,-123.666270,47.803607
PEFO,Petrified Forest National Park,Petrified Forest,AZ,IM,National Parks,1962-12-09,2023-03-13,-109.787749,34.983901
PINN,Pinnacles National Park,Pinnacles,CA,PW,National Parks,2013-01-10,2024-12-17,-121.181184,36.490425
REDW,Redwood National Park,Redwood,CA,PW,National Parks,1968-10-02,2023-09-16,-124.033970,41.434005
ROMO,Rocky Mountain National Park,Rocky Mountain,CO,IM,National Parks,1915-01-26,2023-06-16,-105.697289,40.355686
SAGU,Saguaro National Park,Saguaro,AZ,IM,National Parks,1994-10-14,2025-09-16,-110.758723,32.208953
SEQU,Sequoia National Park,Sequoia,CA,PW,National Parks,1890-09-25,2008-11-26,-118.575214,36.507858
SHEN,Shenandoah National Park,Shenandoah,VA,NE,National Parks,1935-12-26,2025-06-17,-78.469720,38.491549
THRO,Theodore Roosevelt National Park,Theodore Roosevelt,ND,MW,National Parks,1978-11-10,2017-04-27,-103.429762,47.178362
VIIS,Virgin Islands National Park,Virgin Islands,VI,SE,National Parks,1956-08-02,2019-10-24,-64.745238,18.342572
VOYA,Voyageurs National Park,Voyageurs,MN,MW,National Parks,1975-04-08,2025-02-04,-92.838393,48.483804
WHSA,White Sands National Park,White Sands,NM,IM,National Parks,2019-12-20,2023-03-15,-106.325358,32.778394
WICA,Wind Cave National Park,Wind Cave,SD,MW,National Parks,1903-01-09,2025-06-12,-103.439481,43.580131
WRST,Wrangell-St. Elias National Park,Wrangell - St Elias,AK,AK,National Parks,1980-12-02,2022-03-24,-142.454449,61.092461
YELL,Yellowstone National Park,Yellowstone,WY,IM,National Parks,1872-03-01,2025-09-16,-110.547121,44.598288
YOSE,Yosemite National Park,Yosemite,CA,PW,National Parks,1890-10-01,2025-09-19,-119.557174,37.848995
ZION,Zion National Park,Zion,UT,IM,National Parks,1919-11-19,2017-06-22,-113.026525,37.298398
