ASSET_ID,LINES,DESCRIPTIO,EDIT_INIT,EDIT_DATE
21200078.0,Electric,18th St. (2.2) to 19th St. Merge,hm,1995-08-02
21200075.0,"Electric, S. Shore",19th St. Merge (no junction) to McCormick Place (2.7),hm,1995-08-02
21200001.0,"Electric, S. Shore",11th Pl. Divide to 19th St. Merge,aef,2001-03-08
21200212.0,"UP-N, UP-NW, UP-W",Ogilvie Station to Clinton St. Junction,hm,1995-08-02
21200211.0,"Milw-N, Milw-W, NCS",Union Station (North) to Western Ave. Interlocking,aef,2001-11-05
21200252.0,Milw-N,Glenview (17.4) to North Glenview (18.8),aef,2001-01-08
21200251.0,Milw-N,North Glenview (18.8) to Northbrook (21.1),aef,2001-01-08
21200195.0,UP-NW,Clybourn (2.9) to Irving Park (7.0),hm,1995-08-02
21200121.0,UP-N,Clybourn Junction to Clybourn (2.9),hm,1995-08-02
21200003.0,"UP-N, UP-NW",Clinton St. Junction to Clybourn Junction,hm,1995-08-02
21200196.0,UP-NW,Clybourn Junction to Clybourn (2.9),hm,1995-08-02
21200240.0,NCS,B-12 Junction (Franklin Park) to O'Hare (17.1),nls,1997-02-19
21200223.0,"Milw-W, NCS",River Grove (11.4) to B-12 Junction (Franklin Park),hm,1995-08-02
21200134.0,Milw-W,B-12 Junction (Franklin Park) to Franklin Park (13.2),hm,1995-08-02
21200213.0,Rock Is.,LaSalle St. to Gresham (9.8),aef,2001-03-08
0.0,S. Shore,East Chicago to Gary Airport,af,2005-09-22
0.0,S. Shore,Gary Airport to Gary Metro,af,2005-09-22
0.0,S. Shore,Gary Metro to Miller,af,2005-09-22
0.0,S. Shore,Miller to Ogden Dunes,af,2005-09-22
0.0,S. Shore,Ogden Dunes to Dune Park,af,2005-09-22
0.0,S. Shore,Dune Park going east,af,2005-09-22
21200218.0,S. Shore,Hegewisch (19.0) to Hammond,aef,2001-08-01
21200218.0,S. Shore,Hammond to East Chicago,aef,2001-08-01
0.0,UP-W,Geneva to La Fox,af,2011-04-28
0.0,UP-W,La Fox to Elburn,af,2011-04-28
0.0,SWS,179th St to LAraway Road,af,2011-04-28
0.0,SWS,Laraway Road to Manhattan,af,2011-04-28
21200002.0,UP-NW,Crystal Lake Junction to McHenry (50.6),aef,2001-01-08
21200006.0,Electric-Main Line,Richton Park (29.3) to University Park (31.5),hm,1995-08-02
21200007.0,Electric-Main Line,147th St. (19.0) to Harvey (20.0),hm,1995-08-02
21200008.0,Electric-Main Line,Calumet (22.8) to Homewood (23.5),hm,1995-08-02
21200009.0,Electric-Main Line,Olympia Fields (26.6) to 211th St. (27.6),hm,1995-08-02
21200010.0,Electric-Main Line,211th St. (27.6) to Matteson (28.2),hm,1995-08-02
21200011.0,Electric-Main Line,Harvey (20.0) to Hazel Crest (22.3),hm,1995-08-02
21200012.0,Electric-Main Line,Hazel Crest (22.3) to Calumet (22.8),hm,1995-08-02
21200013.0,Electric-Main Line,Homewood (23.5) to Flossmoor (24.9),hm,1995-08-02
21200014.0,Electric-Main Line,Flossmoor (24.9) to Olympia Fields (26.6),hm,1995-08-02
21200015.0,Rock Is.,80th Ave. (25.1) to Hickory Creek (27.5),hm,1995-08-02
21200016.0,Rock Is.,Oak Forest (20.4) to Tinley Park (23.5),hm,1995-08-02
21200017.0,Rock Is.,Tinley Park (23.5) to 80th Ave. (25.1),hm,1995-08-02
21200018.0,Rock Is.,Hickory Creek (27.5) to Mokena (29.6),hm,1995-08-02
21200026.0,Electric-Main Line,120th St. Junction (CP 15.21) to Riverdale (17.3),hm,1995-08-02
21200027.0,Electric-Blue Island,120th St. Junction (CP 15.21) to State St. (15.6),hm,1995-08-02
21200031.0,Rock Is.,Midlothian (18.5) to Oak Forest (20.4),hm,1995-08-02
21200032.0,Rock Is.,Robbins (17.2) to Midlothian (18.4),hm,1995-08-02
21200034.0,Rock Is.-Main,Western Ave. Junction to Robbins (17.2),aef,2001-11-05
21200035.0,Electric-Blue Island,Ashland Ave. (17.9) to Burr Oak (18.4),hm,1995-08-02
21200036.0,Electric-Blue Island,Racine Ave. (17.0) to Ashland Ave. (17.9),hm,1995-08-02
21200037.0,Electric-Blue Island,West Pullman (16.7) to Racine Ave. (17.0),hm,1995-08-02
21200038.0,Electric-Blue Island,State St. (15.6) to Stewart Ridge (16.0),hm,1995-08-02
21200285.0,Rock Is.-Branch,Blue Island Vermont St. (15.7) to Western Ave. Junction,aef,2001-11-05
21200286.0,Rock Is.-Main,Blue Island Vermont St. (15.7) to Western Ave. Junction,aef,2001-11-05
21200039.0,Electric-Blue Island,Stewart Ridge (16.0) to West Pullman (16.7),hm,1995-08-02
21200040.0,Electric-Main Line,Riverdale (17.3) to Ivanhoe (18.2),hm,1995-08-02
21200041.0,Electric-Main Line,Ivanhoe (18.2) to 147th St. (19.0),hm,1995-08-02
21200042.0,Rock Is.-Branch,Prairie St. (15.8) to Blue Island Vermont St. (15.7),aef,2001-11-05
21200043.0,Rock Is.-Branch,123rd St. (15.2) to Prairie St. (15.8),hm,1995-08-02
21200044.0,Rock Is.-Branch,119th St. (14.8) to 123rd St. (15.2),hm,1995-08-02
21200059.0,SWS,Palos Park (20.3) to 143rd St. (23.6),hm,1995-08-02
21200060.0,SWS,143rd St. (23.6) to 153rd St. (25.2),hm,1995-08-02
21200064.0,Heritage,Lemont (25.3) to Lockport (32.9),hm,1995-08-02
21200111.0,UP-W,Wheaton (25.0) to Winfield (27.5),hm,1995-08-02
21200150.0,Milw-W,Hanover Park (28.4) to Bartlett (30.1),hm,1995-08-02
21200151.0,Milw-W,Schaumburg (26.5) to Hanover Park (28.4),hm,1995-08-02
21200152.0,UP-W,Winfield (27.5) to West Chicago (29.8),hm,1995-08-02
21200173.0,Milw-W,Elgin (36.6) to Big Timber (39.8),hm,1995-08-02
21200174.0,UP-N,Hubbard Woods (17.7) to Glencoe (19.2),hm,1995-08-02
21200175.0,UP-N,Glencoe (19.2) to Braeside (20.5),hm,1995-08-02
21200176.0,UP-N,Ravinia (21.5) to Highland Park (23.0),hm,1995-08-02
21200177.0,UP-N,Highland Park (23.0) to Highwood (24.5),hm,1995-08-02
21200178.0,UP-N,Highwood (24.5) to Fort Sheridan (25.7),hm,1995-08-02
21200179.0,UP-NW,Palatine (26.8) to Barrington (31.9),hm,1995-08-02
21200180.0,UP-NW,Cary (43.2) to Crystal Lake Junction,hm,1995-08-02
21200181.0,UP-NW,Fox River Grove (37.3) to Cary (38.6),hm,1995-08-02
21200182.0,UP-N,Fort Sheridan (25.7) to Lake Forest (28.3),hm,1995-08-02
21200183.0,UP-N,Lake Forest (28.3) to Lake Bluff (30.2),hm,1995-08-02
21200184.0,UP-N,North Chicago (33.7) to Waukegan (35.9),hm,1995-08-02
21200185.0,Milw-N,Lake Forest (28.4) to Libertyville (35.5),aef,2001-01-08
21200186.0,Milw-N,Grayslake (41.0) to Round Lake (44.0),hm,1995-08-02
21200187.0,Milw-N,Round Lake (44.0) to Long Lake (46.0),hm,1995-08-02
21200188.0,UP-NW,Crystal Lake (43.2) to Woodstock (51.6),hm,1995-08-02
21200189.0,UP-N,Zion (42.1) to Winthrop Harbor (44.5),hm,1995-08-02
21200190.0,UP-N,Waukegan (35.9) to Zion (42.1),aef,2001-01-10
21200191.0,Milw-N,Ingleside (47.8) to Fox Lake (49.5),hm,1995-08-02
21200192.0,Milw-N,Long Lake (46.0) to Ingleside (47.8),hm,1995-08-02
21200193.0,UP-NW,Woodstock (51.6) to Harvard (63.1),hm,1995-08-02
21200199.0,Milw-N,Libertyville (35.5) to Grayslake (41.0),hm,1995-08-02
21200200.0,UP-NW,Crystal Lake Junction to Crystal Lake (43.2),hm,1995-08-02
21200021.0,"Electric, S. Shore",95th St. (12.0) to 103rd St. (13.0),hm,1995-08-02
21200022.0,"Electric, S. Shore",103rd St. (13.0) to 107th St. (13.5),hm,1995-08-02
21200023.0,"Electric, S. Shore",107th St. (13.5) to 111th St. (14.0),hm,1995-08-02
21200201.0,UP-NW,Barrington (31.9) to Fox River Grove (37.3),hm,1995-08-02
21200205.0,Rock Is.,New Lenox (34.0) to Joliet (37.2),aef,2001-11-05
21200206.0,Electric-Main Line,Matteson (28.2) to Richton Park (29.3),hm,1995-08-02
21200207.0,Rock Is.,Mokena (29.6) to New Lenox (34.0),hm,1995-08-02
21200217.0,Heritage,Lockport (32.9) to Joliet (37.2),aef,2001-11-05
21200220.0,UP-W,West Chicago (29.8) to Geneva (35.5),hm,1995-08-02
21200222.0,Electric-Blue Island,Burr Oak (18.4) to Blue Island (18.9),aef,2001-11-05
21200225.0,Milw-W,National St. (36.0) to Elgin (36.6),hm,1995-08-02
21200226.0,Milw-W,Bartlett (30.1) to National St. (36.0),hm,1995-08-02
21200227.0,UP-N,Great Lakes (32.2) to North Chicago (33.7),aef,2001-08-01
21200228.0,UP-N,Lake Bluff (30.2) to Great Lakes (32.2),hm,1995-08-02
21200229.0,UP-N,Ravinia Park (21.2) to Ravinia (21.5),hm,1995-08-02
21200230.0,UP-N,Braeside (20.5) to Ravinia Park (21.2),hm,1995-08-02
21200231.0,Milw-N,Deerfield (24.2) to Lake Forest (28.4),hm,1995-08-02
21200236.0,SWS,153rd St. (25.2) to 179th St. (28.9),hm,1995-08-02
21200238.0,NCS,Lake Villa (48.2) to Antioch (52.8),nls,1997-02-19
21200242.0,NCS,Wheeling (27.2) to Buffalo Grove (29.5),nls,1997-02-19
21200243.0,NCS,Buffalo Grove (29.5) to Prairie View (31.6),nls,1997-02-19
21200244.0,NCS,Prairie View (31.6) to Vernon Hills (33.0),nls,1997-02-19
21200245.0,NCS,Mundelein (36.9) to Prairie Crossing (40.7),nls,1997-02-19
21200246.0,NCS,Round Lake Beach (45.9) to Lake Villa (48.2),nls,1997-02-19
21200247.0,NCS,Prairie Crossing (40.7) to Round Lake Beach (45.9),nls,1997-02-19
21200248.0,Milw-N,Lake Cook (23.0) to Deerfield (24.2),hm,1995-08-02
21200249.0,Milw-N,Northbrook (21.1) to Lake Cook (23.0),hm,1995-08-02
21200250.0,NCS,Vernon Hills (33.0) to Mundelein (36.9),nls,1997-02-19
21200253.0,UP-N,Winthrop Harbor (44.5) to Kenosha (51.5),aef,2001-01-08
21200024.0,"Electric, S. Shore",111th St. (14.0) to Kensington (14.5),hm,1995-08-02
21200025.0,"Electric, S. Shore",Kensington (14.5) to Kensington Junction,hm,1995-08-02
21200028.0,S. Shore,Kensington Junction to Hegewisch (19.0),hm,1995-08-02
21200045.0,Rock Is.-Branch,115th St. (14.3) to 119th St. (14.8),hm,1995-08-02
21200046.0,Rock Is.-Branch,111th St. (13.8) to 115th St. (14.3),hm,1995-08-02
21200047.0,Rock Is.-Branch,107th St. (13.3) to 111th St. (13.8),hm,1995-08-02
21200048.0,Rock Is.-Branch,103rd St. (12.8) to 107th St. (13.3),hm,1995-08-02
21200049.0,Rock Is.-Branch,99th St. (12.3) to 103rd St. (12.8),hm,1995-08-02
21200050.0,Rock Is.-Branch,95th St. (11.3) to 95th St. (11.7),hm,1995-08-02
21200056.0,Rock Is.-Main,Longwood (10.9) to Washington Heights (12.0),hm,1995-08-02
21200058.0,SWS,Worth (18.2) to Palos Park (20.3),hm,1995-08-02
21200061.0,SWS,Oak Lawn (15.2) to Chicago Ridge (16.8),hm,1995-08-02
21200062.0,SWS,Chicago Ridge (16.8) to Worth (18.2),hm,1995-08-02
21200063.0,Heritage,Willow Springs (17.5) to Lemont (25.3),hm,1995-08-02
21200114.0,Milw-N,Grayland (8.2) to Mayfair (9.0),hm,1995-08-02
21200115.0,Milw-N,Healy (6.4) to Grayland (8.2),hm,1995-08-02
21200116.0,Milw-N,Pacific Junction (A-5) to Healty (6.4),hm,1995-08-02
21200122.0,UP-N,Clybourn (2.9) to Ravenswood (6.5),hm,1995-08-02
21200130.0,"Milw-W, NCS",Hanson Park (7.7) to Galewood (8.6),hm,1995-08-02
21200132.0,"Milw-W, NCS",Mars (9.1) to Mont Clare (9.5),hm,1995-08-02
21200133.0,"Milw-W, NCS",Mont Clare (9.5) to Elmwood Park (10.2),hm,1995-08-02
21200135.0,UP-NW,Jefferson Park (9.1) to Gladstone Park (10.1),hm,1995-08-02
21200153.0,UP-N,Ravenswood (6.5) to Rogers Park (9.4),hm,1995-08-02
21200161.0,UP-N,Davis St. (12.0) to Central St. (13.3),hm,1995-08-02
21200163.0,UP-NW,Edison Park (12.6) to Park Ridge (13.5),hm,1995-08-02
21200208.0,Electric,Kensington Junction to 120th St. Junction (CP 15.21),hm,1995-08-02
21200221.0,Rock Is.-Main,Washington Heights (12.0) to Blue Island Vermont St. (15.7),aef,2001-11-05
21200237.0,NCS,Deval (20.6) to Prospect Heights (24.0),nls,1997-02-19
21200107.0,UP-W,College Ave. (23.8) to Wheaton (25.0),hm,1995-08-02
21200117.0,"Milw-W, NCS",Pacific Junction (A-5) to Hermosa (5.9),hm,1995-08-02
21200128.0,"Milw-W, NCS",Hermosa (5.9) to Cragin (7.0),hm,1995-08-02
21200129.0,"Milw-W, NCS",Cragin (7.0) to Hanson Park (7.7),hm,1995-08-02
21200131.0,"Milw-W, NCS",Galewood (8.6) to Mars (9.1),hm,1995-08-02
21200136.0,UP-NW,Gladstone Park (10.1) to Norwood Park (11.4),hm,1995-08-02
21200137.0,Milw-N,Forest Glen (10.2) to Edgebrook (11.6),hm,1995-08-02
21200138.0,Milw-W,Bensenville (17.2) to Wood Dale (19.1),hm,1995-08-02
21200139.0,Milw-W,Mannheim (14.0) to Bensenville (17.2),hm,1995-08-02
21200141.0,UP-W,Berkeley (14.3) to Elmhurst (15.7),hm,1995-08-02
21200144.0,UP-W,Lombard (19.9) to Glen Ellyn (22.4),hm,1995-08-02
21200148.0,Milw-W,Medinah (23.0) ot Roselle (23.9),hm,1995-08-02
21200149.0,Milw-W,Roselle (23.9) to Schaumburg (26.5),hm,1995-08-02
21200156.0,UP-N,Wilmette (14.4) to Kenilworth (15.2),hm,1995-08-02
21200158.0,UP-N,Indian Hill (15.8) to Winnetka (16.6),hm,1995-08-02
21200160.0,UP-N,Central St. (13.3) to Wilmette (14.4),hm,1995-08-02
21200164.0,UP-NW,Park Ridge to Dee Road,hm,1995-08-02
21200165.0,Milw-N,Edgebrook (11.6) to Morton Grove (14.3),hm,1995-08-02
21200166.0,Milw-N,Morton Grove (14.3) to Golf (16.2),hm,1995-08-02
21200167.0,Milw-N,Golf (16.2) to Glenview (17.4),hm,1995-08-02
21200171.0,UP-NW,Arlington Heights (22.8) to Arlington Park (24.4),hm,1995-08-02
21200172.0,UP-NW,Arlington Park (24.4) to Palatine (26.8),hm,1995-08-02
21200202.0,Milw-N,Mayfair (9.0) to Forest Glen (10.2),hm,1995-08-02
21200204.0,UP-NW,Irving Park (7.0) to Jefferson Park (9.1),hm,1995-08-02
21200219.0,UP-NW,Des Plaines to Cumberland,hm,1995-08-02
21200224.0,"Milw-W, NCS",Elmwood Park (10.2) to River Grove (11.4),hm,1995-08-02
21200232.0,UP-W,Bellwood (12.6) to Berkeley (14.3),hm,1995-08-02
21200233.0,UP-W,Melrose Park (11.3) to Bellwood (12.6),hm,1995-08-02
21200019.0,"Electric, S. Shore",83rd St. (10.4) to 87th St. (10.9),hm,1995-08-02
21200029.0,Electric-South Corridor,87th St. (12.5) to 91st St. (13.0),hm,1995-08-02
21200030.0,Electric-South Corridor,83rd St. (12.0) to 87th St. (12.5),hm,1995-08-02
21200051.0,Rock Is.-Branch,91st St. (11.3) to 95th St. (11.7),hm,1995-08-02
21200052.0,Rock Is.-Branch,Gresham Junction to Brainerd (10.6),hm,1995-08-02
21200054.0,Rock Is.,Gresham (9.8) to Gresham Junction (10.0),hm,1995-08-02
21200067.0,Electric-South Corridor,South Shore (10.3) to Windsor Park (10.9),hm,1995-08-02
21200068.0,Electric-South Corridor,Bryn Mawr (9.7) to South Shore (10.3),hm,1995-08-02
21200072.0,"Electric, S. Shore",53rd St. (6.5) to 55th-56th-57th St. (7.0),hm,1995-08-02
21200073.0,"Electric, S. Shore",47th St. (5.9) to 53rd St. (6.5),hm,1995-08-02
21200074.0,"Electric, S. Shore",27th St. (3.2) to 47th St. (5.9),hm,1995-08-02
21200080.0,"Electric, S. Shore",79th St. (10.0) to 83rd St. (10.4),hm,1995-08-02
21200081.0,"Electric, S. Shore",67th St. Junction to 75th Street (9.3),hm,1995-08-02
21200083.0,"Electric, S. Shore",55th-56th-57th St. (7.0) to 59th St. (7.4),hm,1995-08-02
21200086.0,SWS,Wrightwood (11.9) to Ashburn (12.6),hm,1995-08-02
21200142.0,UP-W,Elmhurst (15.7) to Villa Park (17.8),aef,2001-01-08
21200143.0,UP-W,Villa Park (17.8) to Lombard (19.9),aef,2001-01-08
21200145.0,UP-W,Glen Ellyn (22.4) to College Ave. (23.8),hm,1995-08-02
21200146.0,Milw-W,Wood Dale (19.1) to Itasca (21.1),hm,1995-08-02
21200154.0,UP-N,Rogers Park (9.4) to Main St. (11.0),hm,1995-08-02
21200157.0,UP-N,Kenilworth (15.2) to Indian Hill (15.8),hm,1995-08-02
21200159.0,UP-N,Winnetka (16.6) to Hubbard Woods (17.7),hm,1995-08-02
21200162.0,UP-NW,Norwood Park (11.4) to Edison Park (12.6),hm,1995-08-02
21200168.0,UP-NW,Dee Road to Des Plaines,hm,1995-08-02
21200169.0,UP-NW,Cumberland to Mount Prospect,hm,1995-08-02
21200239.0,NCS,O'Hare (17.1) to Deval (20.6),nls,1997-02-19
21200004.0,UP-W,Clinton St. Junction to Western Ave. Interlocking,aef,2001-11-05
21200020.0,"Electric, S. Shore",87th St. (10.9) to 91st St. (11.4),hm,1995-08-02
21200053.0,Rock Is.-Branch,Brainerd (10.6) to 91st St. (11.3),hm,1995-08-02
21200055.0,Rock Is.-Main,Gresham Junction to Longwood (10.9),hm,1995-08-02
21200057.0,SWS,Asburn (12.6) to Oak Lawn (15.2),hm,1995-08-02
21200065.0,Electric-South Corridor,Cheltenham (11.5) to 83rd St. (12.0),hm,1995-08-02
21200066.0,Electric-South Corridor,Windsor Park (10.9) to Cheltenham (11.5),hm,1995-08-02
21200069.0,Electric-South Corridor,67th St. Junction to Bryn Mawr (9.7),hm,1995-08-02
21200070.0,Electric-South Corridor,Stony Island (9.1) to Bryn Mawr (9.7),hm,1995-08-02
21200071.0,"Electric, S. Shore",63rd St. (7.9) to 67th St. Junction,hm,1995-08-02
21200076.0,"Electric, S. Shore",McCormick Place (2.7) to 27th St. (3.2),hm,1995-08-02
21200082.0,"Electric, S. Shore",75th St. (9.3) to 79th St. (10.0),hm,1995-08-02
21200085.0,SWS,Wrightwood (11.9) to 21st St. Interlocking,aef,2001-01-08
21200119.0,"Milw-N, Milw-W, NCS",Western Ave. (2.9) to Pacific Junction (A-5),hm,1995-08-02
21200120.0,"Milw-N, Milw-W, NCS",Western Ave. Interlocking to Western Ave. (2.9),aef,2001-11-05
21200124.0,UP-W,Kedzie (3.6) to Oak Park (8.5),hm,1995-08-02
21200125.0,UP-W,Oak Park (8.5) to River Forest (9.7),hm,1995-08-02
21200126.0,UP-W,River Forest (9.7) to Maywood (10.5),hm,1995-08-02
21200140.0,Milw-W,Franklin Park (13.2) to Mannheim (14.0),hm,1995-08-02
21200147.0,Milw-W,Itasca (21.1) to Medinah (23.1),hm,1995-08-02
21200155.0,UP-N,Main St. (11.0) to Davis St. (12.0),hm,1995-08-02
21200170.0,UP-NW,Mount Prospect (20.0) to Arlington Heights (22.8),hm,1995-08-02
21200197.0,"Heritage, SWS",16th St. Junction to 21st St. Interlocking,hm,1995-08-02
21200241.0,NCS,Prospect Heights (24.0) to Wheeling (27.2),nls,1997-02-19
21200005.0,"BNSF, Heritage, SWS",Union Station (South) to 16th St. Junction,hm,1995-07-25
21200084.0,"Electric, S. Shore",59th St. (7.4) to 63rd St. (7.9),hm,1995-08-02
21200090.0,Heritage,Summit (11.9) to Willow Springs (17.5),hm,1995-08-02
21200118.0,UP-W,Western Ave. Interlocking to Kedzie (3.6),hm,1995-08-02
21200127.0,UP-W,Maywood (10.5) to Melrose Park (11.3),hm,1995-08-02
21200198.0,Heritage,21st St. Interlocking to Summit (11.9),hm,1995-08-02
21200209.0,"Electric, S. Shore",91st St. (11.4) to 95th St. (12.0),hm,1995-08-02
21200260.0,BNSF,Westmont (19.5) to Fairview Ave. (20.4),ml,2001-02-13
21200261.0,BNSF,Fairview Avenue (20.4) to Main St. (21.2),ml,2001-02-13
21200262.0,BNSF,Main St. (21.2) to Belmont (22.6),ml,2001-02-13
21200263.0,BNSF,Belmont (22.6) to Lisle (24.5),ml,2001-02-13
21200264.0,BNSF,Riverside (11.1) to Hollywood (11.8),ml,2001-02-13
21200265.0,BNSF,Hollywood (11.8) to Brookfield (12.3),ml,2001-02-13
21200266.0,BNSF,Brookfield (12.3) to Congress Park (13.1),ml,2001-02-13
21200267.0,BNSF,Congress Park (13.1) to LaGrange Rd. (13.8),ml,2001-02-13
21200268.0,BNSF,LaGrange Rd. (13.8) to Stone Ave. (14.2),ml,2001-02-13
21200269.0,BNSF,Stone Ave. (14.2) to Western Springs (15.5),ml,2001-02-13
21200270.0,BNSF,Western Springs (15.5) to Highlands (16.4),ml,2001-02-13
21200271.0,BNSF,Highlands (16.4) to Hinsdale (16.9),ml,2001-02-13
21200272.0,BNSF,Hinsdale (16.9) to West Hinsdale (17.8),ml,2001-02-13
21200273.0,BNSF,West Hinsdale (17.8) to Clarendon Hills (18.3),ml,2001-02-13
21200087.0,BNSF,16th St. Junction to Halsted (1.8),ml,2001-02-13
21200274.0,BNSF,Clarendon Hills (18.3) to Westmont (19.5),ml,2001-02-13
21200275.0,BNSF,Halsted St. (1.8)  to Western Ave. (3.8),ml,2001-02-13
21200276.0,BNSF,Western Ave. (3.8) to Cicero (7.0),ml,2001-02-13
21200277.0,BNSF,Clyde (8.5) to LaVergne (9.1),ml,2001-02-13
21200278.0,BNSF,LaVergne (9.1) to Berwyn (9.6),ml,2001-02-13
21200279.0,BNSF,Berwyn (9.6) to Harlem Ave. (10.1),ml,2001-02-13
21200280.0,BNSF,Harlem Ave. (10.1) to Riverside (11.1),ml,2001-02-13
21200281.0,BNSF,Cicero (7.0) to Clyde (8.5),ml,2001-02-13
21200282.0,BNSF,Lisle (24.5) to Naperville (28.5),ml,2001-02-13
21200283.0,BNSF,Naperville (28.5) to Route 59 (31.6),ml,2001-02-13
21200284.0,BNSF,Route 59 (31.6) to Aurora (37.5),ml,2001-02-13
21200234.0,"Electric, S. Shore",Randolph St. to Van Buren St. (0.8),aef,2001-03-08
21200235.0,"Electric, S. Shore",Van Buren St. (0.8) to Roosevelt Rd. (1.4),aef,2001-03-08
21200079.0,"Electric, S. Shore",Roosevelt Rd. (1.4) to 11th Pl. Divide,hm,1995-08-02
21200077.0,Electric,11th Pl. Divide to 18th St. (2.2),aef,2001-03-08
