OBJECTID,STATION_ID,ASSET_ID,NAME,LONGNAME,LINES,BRANCH_ID,STATUS,MILEPOST,FAREZONE,ADA,ADA2,PKNRD,BIKEPKNG,TICKET_AVA,ADDRESS,MUNICIPALI,TELEPHONE,WEBLINK,LABELANGLE,EDIT_INIT,EDIT_DATE,YEAR_OPEN
1,1091.0,51201091.0,Stony Island,Stony Island,Electric,1,1,9.1,B,0,N,0,0,,71st St. (at Stony Island Ave.),Chicago,,,30,ks,1995-08-02,
2,1097.0,51201097.0,Bryn Mawr,Bryn Mawr,Electric,1,1,9.7,B,0,N,0,0,,71st St. (at Jeffrey Blvd.),Chicago,,,30,ks,1995-08-02,
3,1103.0,51201103.0,South Shore,South Shore,Electric,1,1,10.3,B,0,N,1,0,,71st St. (near Yates and South Shore Dr.),Chicago,,,0,ks,1995-08-02,
4,1109.0,51201109.0,Windsor Park,Windsor Park,Electric,1,1,10.9,B,0,N,1,0,,75th St. (at Exchange Ave.),Chicago,,,0,ks,1995-08-02,
5,1115.0,51201115.0,Cheltenham,Cheltenham (79th Street),Electric,1,1,11.5,B,1,N,1,0,,79th St. (at Exchange Ave.),Chicago,,,0,ks,1995-08-02,
6,1120.0,51201120.0,83rd St.,83rd Street,Electric,1,1,12.0,B,0,N,1,0,,83rd St. (at Exchange Ave.),Chicago,,,0,ks,1995-08-02,
7,1125.0,51201125.0,87th St.,87th Street,Electric,1,1,12.5,B,0,N,1,0,,87th St. (1 blk. E. of Commercial Ave.),Chicago,,,0,ks,1995-08-02,
8,1130.0,51201130.0,91st St.,91st Street (South Chicago),Electric,1,1,13.0,B,0,N,1,0,,91st St. (near Baltimore St.),Chicago,,,0,ks,1995-08-02,
9,3190.0,51203190.0,Hegewisch,Hegewisch,S. Shore,3,1,19.0,3,0,A,1,0,,13730 South Brainard Ave.,Chicago,,,0,ks,1995-08-02,
10,4156.0,51204156.0,State St.,State Street,Electric,4,1,15.6,D,1,N,0,0,,State St. (S. of 120th Pl.),Chicago,,,135,ks,1995-08-02,
11,4160.0,51204160.0,Stewart Ridge,Stewart Ridge,Electric,4,1,16.0,D,1,N,0,0,,Stewart Ridge (S. of 120th Pl.),Chicago,,,135,ks,1995-08-02,
12,4167.0,51204167.0,West Pullman,West Pullman,Electric,4,1,16.7,D,1,N,1,0,,Halsted St.,Chicago,,,135,ks,1995-08-02,
13,4170.0,51204170.0,Racine Ave.,Racine Avenue,Electric,4,1,17.0,D,1,N,1,0,,Racine Ave. (S. of 120th St.),Chicago,,,135,ks,1995-08-02,
14,4179.0,51204179.0,Ashland Ave.,Ashland Avenue,Electric,4,1,17.9,D,1,N,1,0,,Ashland Ave. (near 124th St.),Calumet Park,,,0,ks,1995-08-02,
15,4184.0,51204184.0,Burr Oak,Burr Oak,Electric,4,1,18.4,D,1,N,1,0,,Burr Oak (near Lincoln St.),Blue Island,,,0,ks,1995-08-02,
16,4189.0,51204189.0,Blue Island,Blue Island,Electric,4,1,18.9,D,0,N,1,0,,Vermont St. (near Irving St.),Blue Island,,,0,ks,1995-08-02,
17,5000.0,51205000.0,Millenium Station,Millenium Station,"Electric, S. Shore",5,1,0.0,A,0,N,0,0,,Michigan Ave. (between South Water and Randolph St.),Chicago,,,0,aef,2001-03-08,
18,5008.0,51205008.0,Van Buren St.,Van Buren Street,"Electric, S. Shore",5,1,0.8,A,0,A,0,0,,Michigan Ave. (between Jackson and Van Buren Sts.),Chicago,,,0,ks,1995-09-14,
19,5014.0,51205014.0,Museum Campus,Museum Campus/11th St,"Electric, S. Shore",5,1,1.4,A,0,N,0,0,,Roosevelt Rd. and Indiana Ave.,Chicago,,,0,aef,2001-03-08,
20,5022.0,51205022.0,18th St.,18th Street,Electric,5,1,2.2,A,1,N,0,0,,18th St. (near Calumet Ave.),Chicago,,,0,ks,1995-08-02,
21,5027.0,51205027.0,McCormick Place,McCormick Place,"Electric, S. Shore",5,1,2.7,A,0,A,0,0,,23rd St. (between King Dr. and Lake Shore Dr.),Chicago,,,0,ks,1995-08-02,
22,5032.0,51205032.0,27th St.,27th Street,Electric,5,1,3.2,A,1,N,0,0,,27th St. (E. of Ellis Ave.),Chicago,,,0,ks,1995-08-02,
23,5059.0,51205059.0,47th St.,47th Street (Kenwood),Electric,5,1,5.9,B,1,N,0,0,,47th St. (near Lake Park Ave.),Chicago,,,0,ks,1995-08-02,
24,5065.0,51205065.0,53rd St.,53rd Street (Hyde Park),Electric,5,1,6.5,B,0,N,0,0,,53rd St. (at Lake Park Ave.),Chicago,,,0,ks,1995-08-02,
25,5070.0,51205070.0,55th-56th-57th St.,55th-56th-57th Street,Electric,5,1,7.0,B,0,N,1,0,,55th to 57th Sts. (at Lake Park Ave.),Chicago,,,0,ks,1995-08-02,
26,5074.0,51205074.0,59th St.,59th Street (University of Chicago),"Electric, S. Shore",5,1,7.4,B,1,N,1,0,,59th St. and Harper St.,Chicago,,,0,ks,1995-08-02,
27,5079.0,51205079.0,63rd St.,63rd Street,"Electric, S. Shore",5,1,7.9,B,1,N,0,0,,63rd St. and Dorchester St.,Chicago,,,0,ks,1995-08-02,
28,5093.0,51205093.0,75th St.,75th Street (Grand Crossing),Electric,5,1,9.3,B,1,N,0,0,,75th St. and South Chicago Ave.,Chicago,,,0,ks,1995-08-02,
29,5100.0,51205100.0,79th St.,79th Street (Chatham),Electric,5,1,10.0,B,1,N,1,0,,79th St. (near Greenwood St.),Chicago,,,0,ks,1995-08-02,
30,5104.0,51205104.0,83rd St.,83rd Street (Avalon Park),Electric,5,1,10.4,C,1,N,1,0,,83rd St. (near Ellis St.),Chicago,,,0,ks,1995-08-02,
31,5109.0,51205109.0,87th St.,87th Street (Woodruff),Electric,5,1,10.9,C,1,N,1,0,,87th St. and Dauphin St.,Chicago,,,0,ks,1995-08-02,
32,5114.0,51205114.0,91st St.,91st Street (Chesterfield),Electric,5,1,11.4,C,1,N,1,0,,91st St. and Dauphin St.,Chicago,,,0,ks,1995-08-02,
33,5120.0,51205120.0,95th St.,95th Street (Chicago State University),Electric,5,1,12.0,C,1,N,0,0,,95th St. and Cottage Grove Ave.,Chicago,,,0,ks,1995-08-02,
34,5130.0,51205130.0,103rd St.,103rd Street (Rosemoor),Electric,5,1,13.0,C,1,N,1,0,,103rd St. and Cottage Grove Ave.,Chicago,,,0,ks,1995-08-02,
35,5135.0,51205135.0,107th St.,107th Street,Electric,5,1,13.5,C,1,N,0,0,,107th St. and Cottage Grove Ave.,Chicago,,,0,ks,1995-08-02,
36,5140.0,51205140.0,111th St.,111th Street,Electric,5,1,14.0,C,1,N,0,0,,111th St. and Cottage Grove Ave.,Chicago,,,0,ks,1995-08-02,
37,5145.0,51205145.0,Kensington,Kensington (115th Street),"Electric, S. Shore",5,1,14.5,C,0,A,1,0,,115th St. and Cottage Grove Ave.,Chicago,,,0,ks,1995-08-02,
38,5173.0,51205173.0,Riverdale,Riverdale,Electric,5,1,17.3,D,1,N,1,0,,137th St. and Illinois St.,Riverdale,,,0,ks,1995-08-02,
39,5182.0,51205182.0,Ivanhoe,Ivanhoe,Electric,5,1,18.2,D,0,A,1,46,,144th St. and Tracy St.,Riverdale,,,0,ks,1995-08-02,
40,5190.0,51205190.0,147th St.,147th Street (Sibley Boulevard),Electric,5,1,19.0,D,1,N,1,0,,147th St. and Clinton St.,Harvey,,,0,ks,1995-08-02,
41,5200.0,51205200.0,Harvey,Harvey,Electric,5,1,20.0,D,0,A,1,0,,Park Ave. and 154th St.,Harvey,,,0,ks,1995-08-02,
42,5223.0,51205223.0,Hazel Crest,Hazel Crest,Electric,5,1,22.3,E,1,N,1,0,,Park Ave. and 170th St.,Hazel Crest,,,0,ks,1995-08-02,
43,5228.0,51205228.0,Calumet,Calumet,Electric,5,1,22.8,E,0,N,1,13,,Park Ave. and 174th St.,East Hazel Crest,,,0,ks,1995-08-02,
44,5235.0,51205235.0,Homewood,Homewood,Electric,5,1,23.5,E,0,A,1,96,,Ridge Rd. (at Harwood Ave.),Homewood,,,0,ks,1995-08-02,
45,5249.0,51205249.0,Flossmoor,Flossmoor,Electric,5,1,24.9,E,0,A,1,27,,Flossmoor Rd. and Sterling Rd.,Flossmoor,,,0,ks,1995-08-02,
46,5266.0,51205266.0,Olympia Fields,Olympia Fields,Electric,5,1,26.6,F,1,N,0,0,,203rd St. (2 blks. E. of Kedzie Ave.,Olympia Fields,,,0,ks,1995-08-02,
47,5276.0,51205276.0,211th St.,211th Street (Lincoln Highway),Electric,5,1,27.6,F,0,A,1,85,,211th St. (between Olympian Way and Olympian Cir.),,,,0,ks,1995-08-02,
48,5282.0,51205282.0,Matteson,Matteson,Electric,5,1,28.2,F,1,N,1,21,,215th St. and Main St.,Matteson,,,0,ks,1995-08-02,
49,5293.0,51205293.0,Richton Park,Richton Park,Electric,5,1,29.3,F,0,A,1,44,,Sauk Trail (E. of Governors Hwy.),Richton Park,,,0,ks,1995-08-02,
50,5315.0,51205315.0,University Park,University Park,Electric,5,1,31.5,G,0,A,1,0,,1900 University Pkwy.,University Park,,,0,ks,1995-08-02,
51,6000.0,51206000.0,LaSalle St.,LaSalle Street,Rock Is.,6,1,0.0,A,0,A,0,0,,414 S. LaSalle St.,Chicago,,,180,aef,2001-03-08,
52,6098.0,51206098.0,Gresham,Gresham,Rock Is.,6,1,9.8,B,1,N,1,0,,820 W. 87th St.,Chicago,,,0,ks,1995-08-02,
53,6109.0,51206109.0,Longwood,Longwood (95th Street),Rock Is.,6,1,10.9,C,2,M,1,0,,9501 S. Vincennes Ave.,Chicago,,,0,ks,1995-08-02,
54,6120.0,51206120.0,Washington Heights,Washington Heights,Rock Is.,6,1,12.0,C,0,A,1,0,,10335 S. Vicennes Ave.,Chicago,,,0,ks,1995-08-02,
55,6157.0,51206157.0,Blue Island,Blue Island (Vermont Street),Rock Is.,6,1,15.7,D,0,A,1,0,,2300 W. Grove St.,Blue Island,,,180,ks,1995-08-02,
56,6172.0,51206172.0,Robbins,Robbins,Rock Is.,6,1,17.2,D,0,M,1,0,,13890 S. Kedzie Ave.,Robbins,,,0,ks,1995-08-02,
57,6184.0,51206184.0,Midlothian,Midlothian,Rock Is.,6,1,18.4,D,0,A,1,0,,3750 W. 147th St.,Midlothian,,,0,ks,1995-08-02,
58,6204.0,51206204.0,Oak Forest,Oak Forest,Rock Is.,6,1,20.4,E,0,A,1,40,,4850 W. 159th St.,Oak Forest,,,0,ks,1995-08-02,
59,6235.0,51206235.0,Tinley Park,Tinley Park,Rock Is.,6,1,23.5,E,0,A,1,25,,17381 S. Oak Park Ave.,Tinley Park,,,0,ks,1995-08-02,
60,6251.0,51206251.0,80th Ave.,80th Avenue (Tinley Park),Rock Is.,6,1,25.1,E,2,M,1,0,,18001 S. 80th Ave.,Tinley Park,,,0,ks,1995-08-02,
61,6275.0,51206275.0,Hickory Creek,Hickory Creek,Rock Is.,6,1,27.5,F,0,A,1,0,,9430 Hickory Creek Dr.,Mokena,,,0,ks,1995-08-02,
62,6296.0,51206296.0,Mokena,Mokena,Rock Is.,6,1,29.6,F,0,M,1,26,,11040 McGovney's St.,Mokena,,,0,ks,1995-08-02,
63,6340.0,51206340.0,New Lenox,New Lenox,Rock Is.,6,1,34.0,G,0,M,1,0,,300 N. Church St.,New Lenox,,,0,ks,1995-08-02,
64,7106.0,51207106.0,Brainerd,Brainerd,Rock Is.,7,1,10.6,C,0,M,1,0,,8901 S. Loomis Blvd.,Chicago,,,135,ks,1995-08-02,
65,7113.0,51207113.0,91st St.,91st Street (Beverly Hills),Rock Is.,7,1,11.3,C,2,M,1,0,,9105 S. Prospect Sq.,Chicago,,,180,ks,1995-08-02,
66,7117.0,51207117.0,95th St.,95th Street (Beverly Hills),Rock Is.,7,1,11.7,C,2,M,1,0,,1766 W. 95th St.,Chicago,,,180,ks,1995-08-02,
67,7123.0,51207123.0,99th St.,99th Street (Beverly Hills),Rock Is.,7,1,12.3,C,0,N,1,0,,9901 S. Walden Pkwy.,Chicago,,,180,ks,1995-08-02,
68,7128.0,51207128.0,103rd St.,103rd Street (Beverly Hills),Rock Is.,7,1,12.8,C,0,A,1,0,,10301 S. Walden Pkwy.,Chicago,,,180,ks,1995-08-02,
69,7133.0,51207133.0,107th St.,107th Street (Beverly Hills),Rock Is.,7,1,13.3,C,2,M,1,0,,1901 W. 107th St.,Chicago,,,180,ks,1995-08-02,
70,7138.0,51207138.0,111th St.,111th Street (Morgan Park),Rock Is.,7,1,13.8,C,0,M,1,0,,11046 S. Hale Ave.,Chicago,,,180,ks,1995-08-02,
71,7143.0,51207143.0,115th St.,115th Street (Morgan Park),Rock Is.,7,1,14.3,C,2,M,1,0,,11445 S. Hale Ave.,Chicago,,,180,ks,1995-08-02,
72,7148.0,51207148.0,119th St.,119th Street,Rock Is.,7,1,14.8,C,2,A,1,0,,2040 W. 119th St.,,,,180,ks,1995-08-02,
73,7152.0,51207152.0,123rd St.,123rd Street,Rock Is.,7,1,15.2,D,1,N,1,0,,2120 W. 123rd St.,Blue Island,,,180,ks,1995-08-02,
74,7158.0,51207158.0,Prairie St.,Prairie Street,Rock Is.,7,1,15.8,D,1,N,1,0,,2100 W. Prairie St.,Blue Island,,,180,ks,1995-08-02,
75,8000.0,51208000.0,Union Station,Union Station,"Milw-N, Milw-W, NCS, BNSF, Heritage, SWS",8,1,0.0,A,0,A,0,0,,Canal St. (between Adams and Jackson Blvd.),Chicago,,,180,ks,1995-08-02,
76,8112.0,51208112.0,Wrightwood,Wrightwood,SWS,8,1,11.9,C,0,M,0,0,,79th St. and Kedzie Ave.,Chicago,,,180,ks,1995-08-02,
77,8126.0,51208126.0,Ashburn,Ashburn,SWS,8,1,12.6,C,0,A,1,0,,83rd St. and Central Park,Chicago,,,180,ks,1995-08-02,
78,8152.0,51208152.0,Oak Lawn,Oak Lawn,SWS,8,1,15.2,D,0,A,1,8,,9525 S. Tulley Ave.,Oak Lawn,,,180,ks,1995-08-02,
79,8168.0,51208168.0,Chicago Ridge,Chicago Ridge,SWS,8,1,16.8,D,0,A,1,0,,103rd St. and Ridgeland,Chicago Ridge,,,180,ks,1995-08-02,
80,8182.0,51208182.0,Worth,Worth,SWS,8,1,18.2,D,0,A,1,0,,110th St. and Depot Rd.,Worth,,,180,ks,1995-08-02,
81,8203.0,51208203.0,Palos Park,Palos Park,SWS,8,1,20.3,E,0,A,1,12,,123rd St. and 82nd Ave.,Palos Park,,,180,ks,1995-08-02,
82,8236.0,51208236.0,143rd St.,143rd Street (Orland Park),SWS,8,1,23.6,E,0,N,1,0,,143rd St. and Southwest Hwy.,Orland Park,,,180,ks,1995-08-02,
83,8248.0,51208248.0,153rd St.,153rd Street (Orland Park),SWS,8,1,25.2,E,0,A,1,0,,10401 W. 153rd St.,Orland Park,,,180,ks,1995-08-02,
84,8289.0,51208289.0,179th St.,179th Street (Orland Park),SWS,8,1,28.9,F,0,M,1,0,,179th St. and Southwest Hwy.,Orland Park,,,180,ks,1995-09-15,
85,9119.0,51209119.0,Summit,Summit,Heritage,9,1,11.9,C,0,A,1,0,,Center St. and Hanover Ave.,Summit,,,0,ks,1995-08-02,
86,9175.0,51209175.0,Willow Springs,Willow Springs,Heritage,9,1,17.5,D,0,A,1,0,,87th St. and Archer,Willow Springs,,,0,ks,1995-08-02,
87,9253.0,51209253.0,Lemont,Lemont,Heritage,9,1,25.3,E,0,A,1,0,,101 Main St.,Lemont,,,0,ks,1995-08-02,
88,9329.0,51209329.0,Lockport,Lockport,Heritage,9,1,32.9,G,0,A,1,0,,13th St. and State St.,Lockport,,,0,ks,1995-08-02,
89,10018.0,51210018.0,Halsted St.,Halsted Street,BNSF,10,1,1.8,A,1,N,0,0,,16th and Halsted St.,Chicago,,,150,aef,2001-02-13,
90,10038.0,51210038.0,Western Ave.,Western Avenue,BNSF,10,1,3.8,A,1,N,0,0,,18th and Western Ave.,Chicago,,,180,aef,2001-02-13,
91,10070.0,51210070.0,Cicero,Cicero,BNSF,10,1,7.0,B,1,M,1,0,,26th and Cicero,Cicero,,,315,aef,2001-02-13,
92,10091.0,51210091.0,LaVergne,LaVergne,BNSF,10,1,9.1,B,0,M,1,0,,Windsor and Ridgeland Ave.,Berwyn,,,150,aef,2001-02-13,
93,10096.0,51210096.0,Berwyn,Berwyn,BNSF,10,1,9.6,B,0,A,1,10,,6801 W. Windsor Ave.,Berwyn,,,150,aef,2001-02-13,
94,10101.0,51210101.0,Harlem Ave.,Harlem Avenue,BNSF,10,1,10.1,B,0,N,1,0,,7135 Windsor Ave.,Berwyn,,,150,aef,2001-02-13,
95,10111.0,51210111.0,Riverside,Riverside,BNSF,10,1,11.1,C,2,M,1,20,,90 Bloomingbank Road,Riverside,,,150,aef,2001-02-13,
96,10118.0,51210118.0,Zoo Stop,Hollywood (Zoo Stop),BNSF,10,1,11.8,C,0,M,1,0,,Golf Road and Hollywood Ave.,Brookfield,,,150,aef,2001-02-13,
97,10123.0,51210123.0,Brookfield,Brookfield,BNSF,10,1,12.3,C,2,M,1,20,,8858 Burlington Ave.,Brookfield,,,150,aef,2001-02-13,
98,10131.0,51210131.0,Congress Park,Congress Park,BNSF,10,1,13.1,C,1,N,1,0,,1/2 mi. W. of Maple St. (on Burlington Ave.),Brookfield,,,150,aef,2001-02-13,
99,10138.0,51210138.0,LaGrange Rd.,LaGrange Road,BNSF,10,1,13.8,C,0,A,1,112,,25 W. Burlington Ave.,La Grange,,,150,aef,2001-02-13,
100,10142.0,51210142.0,Stone Ave.,Stone Avenue (LaGrange),BNSF,10,1,14.2,C,1,N,1,76,,701 Burlington Ave.,La Grange,,,150,aef,2001-02-13,
101,10155.0,51210155.0,Western Springs,Western Springs,BNSF,10,1,15.5,D,0,A,1,26,,914 Burlington Ave.,Western Springs,,,150,aef,2001-02-13,
102,10164.0,51210164.0,Highlands,Highlands,BNSF,10,1,16.4,D,1,N,1,0,,1/4 mi. N. of County Line Rd. and 47th St.,Hinsdale,,,150,aef,2001-02-13,
103,10169.0,51210169.0,Hinsdale,Hinsdale,BNSF,10,1,16.9,D,0,A,1,78,,1 E. Hinsdale Ave.,Hinsdale,,,150,aef,2001-02-13,
104,10178.0,51210178.0,West Hinsdale,West Hinsdale,BNSF,10,1,17.8,D,2,M,1,0,,Hinsdale Ave. and Stough St.,Hinsdale,,,150,aef,2001-02-13,
105,10183.0,51210183.0,Clarendon Hills,Clarendon Hills,BNSF,10,1,18.3,D,2,M,1,74,,1 S. Prospect Ave.,Clarendon Hills,,,150,aef,2001-02-13,
106,10195.0,51210195.0,Westmont,Westmont,BNSF,10,1,19.5,D,0,A,1,60,,1 W. Quincy,Westmont,,,150,aef,2001-02-13,
107,10204.0,51210204.0,Fairview Ave.,Fairview Avenue (Downers Grove),BNSF,10,1,20.4,E,2,M,1,22,,Fairview Ave. and Burlington Ave.,Downers Grove,,,150,aef,2001-02-13,
108,10212.0,51210212.0,Main St.,Main Street (Downers Grove),BNSF,10,1,21.2,E,0,A,1,82,,5001 Main St.,Downers Grove,,,150,aef,2001-02-13,
109,10226.0,51210226.0,Belmont,Belmont,BNSF,10,1,22.6,E,0,A,1,24,,5000 Belmont Ave.,Downers Grove,,,150,aef,2001-02-13,
110,10245.0,51210245.0,Lisle,Lisle,BNSF,10,1,24.5,E,0,N,1,42,,1000 Front St.,Lisle,,,150,aef,2001-02-13,
111,10285.0,51210285.0,Naperville,Naperville,BNSF,10,1,28.5,F,0,A,1,78,,105 E. 4th Ave.,Naperville,,,150,aef,2001-02-13,
112,10316.0,51210316.0,Route 59,Route 59,BNSF,10,1,31.6,G,0,A,1,37,,1090 N. Route 59,Aurora,,,150,aef,2001-02-13,
113,10380.0,51210380.0,Aurora,Aurora,BNSF,10,1,37.5,H,0,A,1,15,,233 N. Broadway,Aurora,,,180,aef,2001-02-13,
114,11036.0,51211036.0,Kedzie,Kedzie,UP-W,11,1,3.6,A,1,N,0,0,,Kedzie Ave. and Carroll Ave.,Chicago,,,30,ks,1995-08-02,
115,11085.0,51211085.0,Oak Park,Oak Park (Marion Street),UP-W,11,1,8.5,B,0,N,1,45,,103 N. Marion St.,Oak Park,,,45,ks,1995-08-02,
116,11097.0,51211097.0,River Forest,River Forest,UP-W,11,1,9.7,B,1,N,1,0,,8001 W. Central St.,River Forest,,,45,ks,1995-08-02,
117,11105.0,51211105.0,Maywood,Maywood,UP-W,11,1,10.5,C,2,M,1,0,,450 W. St. Charles,Maywood,,,45,ks,1995-08-02,
118,11113.0,51211113.0,Melrose Park,Melrose Park,UP-W,11,1,11.3,C,2,M,1,0,,1801 W. Main St.,,,,45,ks,1995-08-02,
119,11126.0,51211126.0,Bellwood,Bellwood,UP-W,11,1,12.6,C,2,M,1,0,,105 Frederick Ave.,Bellwood,,,45,ks,1995-09-14,
120,11143.0,51211143.0,Berkeley,Berkeley,UP-W,11,1,14.3,C,0,A,1,0,,5900 W. Park Ave.,Berkeley,,,45,ks,1995-08-02,
121,11157.0,51211157.0,Elmhurst,Elmhurst,UP-W,11,1,15.7,D,0,A,1,64,,128 W. 1st St. (at York Rd.),Elmhurst,,,45,ks,1995-08-02,
122,11178.0,51211178.0,Villa Park,Villa Park,UP-W,11,1,17.8,D,0,A,1,11,,Ardmore Ave. and 1st St.,Villa Park,,,45,ks,1995-08-02,
123,11199.0,51211199.0,Lombard,Lombard,UP-W,11,1,19.9,D,0,A,1,30,,9 S. Main St.,Lombard,,,45,ks,1995-08-02,
124,11224.0,51211224.0,Glen Ellyn,Glen Ellyn,UP-W,11,1,22.4,E,0,A,1,40,,551 Crescent Blvd ( at Main St.),Glen Ellyn,,,45,ks,1995-08-02,
125,11238.0,51211238.0,College Ave.,College Avenue,UP-W,11,1,23.8,E,0,N,1,40,,1295 E. College Ave.,Wheaton,,,45,ks,1995-08-02,
126,11250.0,51211250.0,Wheaton,Wheaton,UP-W,11,1,25.0,E,0,M,1,110,,402 Front St. (at West St.),Wheaton,,,45,ks,1995-08-02,
127,11275.0,51211275.0,Winfield,Winfield,UP-W,11,1,27.5,F,0,A,1,0,,Jewell Rd. and Winfield Rd.,Winfield,,,45,ks,1995-08-02,
128,11300.0,51211300.0,West Chicago,West Chicago,UP-W,11,1,29.8,F,0,A,1,27,,508 W. Main St.,West Chicago,,,45,ks,1995-08-02,
129,11355.0,51211355.0,Geneva,Geneva,UP-W,11,1,35.5,H,0,A,1,25,,328 Crescent Place,Geneva,,,45,ks,1995-08-02,
130,12029.0,51212029.0,Western Ave.,Western Avenue,"Milw-N, Milw-W, NCS",12,1,2.9,A,0,A,1,0,,420 N. Artesian (near Grand Ave.),Chicago,,,30,ks,1995-08-02,
131,12077.0,51212077.0,Hanson Park,Hanson Park,Milw-W,12,1,7.7,B,0,N,1,0,,Parkside and Armitage Ave.,Chicago,,,30,ks,1995-08-02,
132,12086.0,51212086.0,Galewood,Galewood,Milw-W,12,1,8.6,B,0,N,1,0,,2031 N. Narragansett,Chicago,,,30,ks,1995-08-02,
133,12091.0,51212091.0,Mars,Mars,Milw-W,12,1,9.1,B,0,N,1,0,,6801 W. Shakespeare Ave.,Chicago,,,30,ks,1995-08-02,
134,0.0,0.0,Pingree Rd.,Pingree Rd.,UP-NW,13,1,0.0,I,0,,0,0,,570 Congress Pkwy,Crystal Lake,,,0,af,2011-04-28,
135,0.0,0.0,Palos Heights,Palos Heights,SWS,8,1,0.0,D,0,,0,0,,11451 Southwest Highway,Palos Heights,,,0,af,2011-04-28,
136,0.0,0.0,35th St,Lovana S. Jones/Bronzeville,Rock Is.,6,1,0.0,A,0,,0,0,,106 W 35th St,Chicago,,,0,af,2011-04-28,
137,0.0,0.0,La Fox,La Fox,UP-W,11,1,0.0,I,0,,0,0,,40 W 999 Deslinger Rd,Kane County,,,0,af,2011-04-28,
138,0.0,0.0,Elburn,Elburn,UP-W,11,1,0.0,I,0,,0,0,,43 W 166 Keslinger Rd,Elburn,,,0,af,2011-04-28,
139,0.0,0.0,Manhattan,Manhattan,SWS,8,1,0.0,I,0,,0,0,,15601 W Sweedler Rd,Manhattan,,,0,af,2011-04-28,
140,12095.0,51212095.0,Mont Clare,Mont Clare,Milw-W,12,1,9.5,B,0,A,1,0,,7007 W. Medill St.,Chicago,,,30,ks,1995-08-02,
141,12102.0,51212102.0,Elmwood Park,Elmwood Park,Milw-W,12,1,10.2,C,0,A,1,11,,7600 W. Grand Ave.,Elmwood Park,,,30,ks,1995-08-02,
142,12114.0,51212114.0,River Grove,River Grove,"Milw-W, NCS",12,1,11.4,C,0,A,1,0,,8421 Arnold Ave.,River Grove,,,30,ks,1995-09-14,
143,12132.0,51212132.0,Franklin Park,Franklin Park,Milw-W,12,1,13.2,C,0,A,1,11,,3148 Rose St.,Franklin Park,,,30,ks,1995-08-02,
144,12140.0,51212140.0,Mannheim,Mannheim,Milw-W,12,1,14.0,C,1,N,1,0,,Front St. and Lincoln St.,Franklin Park,,,30,ks,1995-08-02,
145,12172.0,51212172.0,Bensenville,Bensenville,Milw-W,12,1,17.2,D,0,A,1,21,,110 W. Main St.,Bensenville,,,30,ks,1995-08-02,
146,12191.0,51212191.0,Wood Dale,Wood Dale,Milw-W,12,1,19.1,D,0,A,1,5,,301 W. Wood Dale Ave.,Wood Dale,,,30,ks,1995-08-02,
147,12210.0,51212210.0,Itasca,Itasca,Milw-W,12,1,21.1,E,0,A,1,18,,Irving Park Rd. (Rt. 19) and Maple St.,Itasca,,,30,ks,1995-08-02,
148,12230.0,51212230.0,Medinah,Medinah,Milw-W,12,1,23.0,E,0,M,1,10,,"Medinah Rd., 1 block N. of Irving Park Rd.",,,,30,ks,1995-08-02,
149,12239.0,51212239.0,Roselle,Roselle,Milw-W,12,1,23.9,E,0,A,1,10,,540 Irving Park Rd.,Roselle,,,30,ks,1995-08-02,
150,12265.0,51212265.0,Schaumburg,Schaumburg,Milw-W,12,1,26.5,F,0,A,1,62,,2000 S. Springinsguth Rd.,Schaumburg,,,30,ks,1995-08-02,
151,12284.0,51212284.0,Hanover Park,Hanover Park,Milw-W,12,1,28.4,F,0,A,1,31,,Ontarioville Rd. and Route 20,Hanover Park,,,30,ks,1995-08-02,
152,12301.0,51212301.0,Bartlett,Bartlett,Milw-W,12,1,30.1,F,0,M,1,0,,Oak Ave. and Railroad Ave.,Bartlett,,,30,ks,1995-08-02,
153,12360.0,51212360.0,National St.,National Street,Milw-W,12,1,36.0,H,0,N,1,0,,85 National St.,Elgin,,,0,ks,1995-09-14,
154,12366.0,51212366.0,Elgin,Elgin,Milw-W,12,1,36.6,H,0,M,1,0,,109 W. Chicago St.,Elgin,,,0,ks,1995-08-02,
155,12398.0,51212398.0,Big Timber,Big Timber Road,Milw-W,12,1,39.8,H,0,M,1,0,,2025 Big Timber Rd.,Elgin,,,180,ks,1995-08-02,
156,13000.0,51213000.0,Ogilvie,Ogilvie Transportation Center,"UP-N, UP-NW, UP-W",13,1,0.0,A,0,A,0,0,,Madison St. and Canal St.,Chicago,,,180,ks,1995-08-02,
157,13029.0,51213029.0,Clybourn,Clybourn,"UP-N, UP-NW",13,1,2.9,A,1,N,1,0,,2001 N. Ashland Ave.,Chicago,,,0,ks,1995-08-02,
158,13070.0,51213070.0,Irving Park,Irving Park,UP-NW,13,1,7.0,B,0,M,1,0,,4000 N. Kedvale Ave.,Chicago,,,180,ks,1995-08-02,
159,13091.0,51213091.0,Jefferson Park,Jefferson Park,UP-NW,13,1,9.1,B,0,N,1,0,,4963 N. Milwaukee Ave.,Chicago,,,180,ks,1995-08-02,
160,13101.0,51213101.0,Gladstone Park,Gladstone Park,UP-NW,13,1,10.1,B,1,N,1,0,,5500 N. Austin Blvd.,Chicago,,,180,ks,1995-08-02,
161,13114.0,51213114.0,Norwood Park,Norwood Park,UP-NW,13,1,11.4,C,0,N,1,0,,6088 N. Northwest Highway,Chicago,,,180,ks,1995-08-02,
162,13126.0,51213126.0,Edison Park,Edison Park,UP-NW,13,1,12.6,C,0,N,1,0,,6700 N. Olmstead Ave.,Chicago,,,180,ks,1995-08-02,
163,13135.0,51213135.0,Park Ridge,Park Ridge,UP-NW,13,1,13.5,C,0,A,1,32,,100 S. Summit Ave.,Park Ridge,,,180,ks,1995-08-02,
164,13150.0,51213150.0,Dee Road,Dee Road,UP-NW,13,1,15.0,C,0,N,1,0,,881 N. Dee Road,Park Ridge,,,180,ks,1995-08-02,
165,13171.0,51213171.0,Des Plaines,Des Plaines,UP-NW,13,1,17.1,D,2,M,1,38,,1501 Miner St. (at Lee St.),Des Plaines,,,180,ks,1995-08-02,
166,13186.0,51213186.0,Cumberland,Cumberland,UP-NW,13,1,18.6,D,1,N,1,26,,475 N. Northwest Highway,Des Plaines,,,180,ks,1995-08-02,
167,13200.0,51213200.0,Mount Prospect,Mount Prospect,UP-NW,13,1,20.0,D,0,A,1,360,,13 E. Northwest Hwy. (at Main St.),Mount Prospect,,,180,ks,1995-08-02,
168,13228.0,51213228.0,Arlington Heights,Arlington Heights,UP-NW,13,1,22.8,E,0,M,1,96,,19 E. Northwest Highway,Arlington Heights,,,180,ks,1995-08-02,
169,13244.0,51213244.0,Arlington Park,Arlington Park,UP-NW,13,1,24.4,E,0,M,1,28,,2121 W. Northwest Highway,Arlington Heights,,,180,ks,1995-08-02,
170,13268.0,51213268.0,Palatine,Palatine,UP-NW,13,1,26.8,F,0,M,1,102,,225 W. Colfax (at Smith St.),Palatine,,,180,ks,1995-08-02,
171,13319.0,51213319.0,Barrington,Barrington,UP-NW,13,1,31.9,G,0,M,1,36,,201 S. Spring Street,Barrington,,,0,ks,1995-08-02,
172,13373.0,51213373.0,Fox River Grove,Fox River Grove,UP-NW,13,1,37.3,H,2,M,1,0,,4015 N. Northwest Highway,Fox River Grove,,,180,ks,1995-08-02,
173,13386.0,51213386.0,Cary,Cary,UP-NW,13,1,38.6,H,0,A,1,30,,100 W. Main St. (at Northwest Hwy.),Cary,,,180,ks,1995-08-02,
174,13432.0,51213432.0,Crystal Lake,Crystal Lake,UP-NW,13,1,43.2,I,0,A,1,42,,Woodstock Ave. and Grant St.,Crystal Lake,,,180,ks,1995-08-02,
175,13506.0,51213506.0,McHenry,McHenry,UP-NW,14,1,50.6,K,2,M,1,0,,4005 Main Street,McHenry,,,180,ks,1995-08-02,
176,13516.0,51213516.0,Woodstock,Woodstock,UP-NW,13,1,51.6,K,0,A,1,20,,90 Church Street,Woodstock,,,180,ks,1995-08-02,
177,13631.0,51213631.0,Harvard,Harvard,UP-NW,13,1,63.1,M,0,A,1,0,,1. N. Ayers Street,Harvard,,,180,ks,1995-08-02,
178,15064.0,51215064.0,Healy,Healy,Milw-N,15,1,6.4,B,0,A,1,0,,4014 W. Fullerton Ave.,Chicago,,,180,ks,1995-08-02,
179,15082.0,51215082.0,Grayland,Grayland,Milw-N,15,1,8.2,B,1,N,1,0,,3805 N. Kilbourn St.,Chicago,,,180,ks,1995-08-02,
180,15090.0,51215090.0,Mayfair,Mayfair,Milw-N,15,1,9.0,B,1,N,0,0,,4357 N. Cicero,Chicago,,,180,ks,1995-08-02,
181,15102.0,51215102.0,Forest Glen,Forest Glen,Milw-N,15,1,10.2,C,1,N,1,0,,5301 N. LeClaire,Chicago,,,0,ks,1995-08-02,
182,15116.0,51215116.0,Edgebrook,Edgebrook,Milw-N,15,1,11.6,C,2,M,1,0,,6402 N. Central,Chicago,,,0,ks,1995-08-02,
183,15143.0,51215143.0,Morton Grove,Morton Grove,Milw-N,15,1,14.3,C,0,A,1,0,,8501 Lehigh Rd.,Morton Grove,,,0,ks,1995-08-02,
184,15162.0,51215162.0,Golf,Golf,Milw-N,15,1,16.2,D,0,A,1,20,,195 N. Waukegan,Golf,,,0,ks,1995-08-02,
185,15174.0,51215174.0,Glenview,Glenview,Milw-N,15,1,17.4,D,0,A,1,56,,1021 Depot Ave.,Glenview,,,0,ks,1995-08-02,
186,15188.0,51215188.0,North Glenview,North Glenview,Milw-N,15,1,18.8,D,0,A,1,0,,3000 Old Willow Rd.,Glenview,,,0,aef,2001-04-17,
187,15211.0,51215211.0,Northbrook,Northbrook,Milw-N,15,1,21.1,E,2,M,1,47,,1340 Shermer Ave.,Northbrook,,,0,ks,1995-08-02,
188,15230.0,51215230.0,Lake Cook,Lake Cook Road,Milw-N,15,1,23.0,E,0,M,1,0,,601 Lake Cook Road,Deerfield,,,0,ks,1999-02-16,
189,15242.0,51215242.0,Deerfield,Deerfield,Milw-N,15,1,24.2,E,0,A,1,129,,"860 Deerfield Rd., 2 blks. W. of Rt. 43",Deerfield,,,180,ks,1995-08-02,
190,15280.0,51215280.0,Lake Forest,Lake Forest,Milw-N,15,1,28.4,F,0,A,1,0,,10205 N. Waukegan,Lake Forest,,,180,ks,1995-09-14,
191,15355.0,51215355.0,Libertyville,Libertyville,Milw-N,15,1,35.5,H,0,A,1,19,,200 W. Lake St. at Milwaukee Ave.,Libertyville,,,0,ks,1995-08-02,
192,15410.0,51215410.0,Grayslake,Grayslake,Milw-N,15,1,41.0,I,0,M,1,14,,Lake St. and St. Paul St.,Grayslake,,,180,ks,1995-08-02,
193,15440.0,51215440.0,Round Lake,Round Lake,Milw-N,15,1,44.0,I,0,M,1,10,,Route 134 and Cedar Lake Rd.,Round Lake,,,180,ks,1995-08-02,
194,15460.0,51215460.0,Long Lake,Long Lake,Milw-N,15,1,46.0,J,2,M,1,0,,Decorah Ave. and Route 134,,,,180,ks,1995-08-02,
195,15478.0,51215478.0,Ingleside,Ingleside,Milw-N,15,1,47.8,J,0,M,1,0,,Washington St. and Rollins Rd.,Fox Lake,,,180,ks,1995-08-02,
196,15495.0,51215495.0,Fox Lake,Fox Lake,Milw-N,15,1,49.5,J,0,A,1,20,,Nippersink Blvd. At Grand Ave.,Fox Lake,,,180,ks,1995-08-02,
197,16171.0,51216171.0,O'Hare,O'Hare Transfer,NCS,16,1,17.1,D,0,A,0,0,,,Rosemont,,,180,ks,1999-02-16,
198,16240.0,51216240.0,Prospect Heights,Prospect Heights,NCS,16,1,24.0,E,0,A,1,0,,55 South Wolf Road,Prospect Heights,,,180,ks,1999-02-16,
199,16272.0,51216272.0,Wheeling,Wheeling,NCS,16,1,27.2,F,0,A,1,0,,400 Town Street,Wheeling,,,180,ks,1999-02-16,
200,16295.0,51216295.0,Buffalo Grove,Buffalo Grove,NCS,16,1,29.5,F,0,A,1,0,,825 Commerce Ct.,Buffalo Grove,,,180,ks,1999-02-16,
201,16316.0,51216316.0,Prairie View,Prairie View,NCS,16,1,31.6,G,0,A,1,0,,16480 W. Hwy 22,Prairie View,,,180,ks,1999-02-16,
202,16330.0,51216330.0,Vernon Hills,Vernon Hills,NCS,16,1,33.0,G,0,A,1,0,,75 East Route 45,Vernon Hills,,,180,ks,1999-02-16,
203,16369.0,51216369.0,Mundelein,Mundelein,NCS,16,1,36.9,H,0,A,1,0,,205 North Archer Ave.,Mundelein,,,180,ks,1999-02-16,
204,16407.0,51216407.0,Prairie Crossing,Prairie Crossing (Libertyville),NCS,16,1,40.7,H,0,A,1,0,,2401 West Harris Road,,,,180,ks,1999-02-16,
205,16459.0,51216459.0,Round Lake Beach,Round Lake Beach,NCS,16,1,45.9,J,0,A,1,0,,680 East Mallard Creek Dr.,Round Lake Beach,,,0,ks,1999-02-16,
206,16482.0,51216482.0,Lake Villa,Lake Villa,NCS,16,1,48.2,J,0,A,1,0,,129 Railroad Ave.,Lake Villa,,,0,ks,1999-02-16,
207,16528.0,51216528.0,Antioch,Antioch,NCS,16,1,52.8,K,0,A,1,0,,305 Depot Street,Antioch,,,0,ks,1999-02-16,
208,17065.0,51217065.0,Ravenswood,Ravenswood,UP-N,17,1,6.5,B,1,N,1,0,,4800 N. Ravenswood Ave.,Chicago,,,0,ks,1995-08-02,
209,17094.0,51217094.0,Rogers Park,Rogers Park,UP-N,17,1,9.4,B,0,A,1,0,,7000 N. Ravenswood Ave.,Chicago,,,180,ks,1995-08-02,
210,17110.0,51217110.0,Main St.,Main Street (Evanston),UP-N,17,1,11.0,C,0,N,1,0,,600 Main St.,Evanston,,,180,ks,1995-08-02,
211,17120.0,51217120.0,Davis St.,Davis Street (Evanston),UP-N,17,1,12.0,C,0,N,0,0,,901 Davis St.,Evanston,,,180,ks,1995-08-02,
212,17133.0,51217133.0,Central St.,Central Street (Evanston),UP-N,17,1,13.3,C,0,A,1,21,,1601 Central Ave.,Evanston,,,180,ks,1995-08-02,
213,17144.0,51217144.0,Wilmette,Wilmette,UP-N,17,1,14.4,C,0,A,1,80,,722 Green Bay Rd.,Wilmette,,,0,ks,1995-08-02,
214,17152.0,51217152.0,Kenilworth,Kenilworth,UP-N,17,1,15.2,D,0,A,1,55,,400 Richmond Rd.,Kenilworth,,,0,ks,1995-08-02,
215,17158.0,51217158.0,Indian Hill,Indian Hill,UP-N,17,1,15.8,D,1,N,1,87,,111 N. Green Bay Rd.,Winnetka,,,0,ks,1995-08-02,
216,17166.0,51217166.0,Winnetka,Winnetka,UP-N,17,1,16.6,D,0,A,1,87,,754 Elm St.,Winnetka,,,0,ks,1995-08-02,
217,17177.0,51217177.0,Hubbard Woods,Hubbard Woods,UP-N,17,1,17.7,D,1,N,1,79,,1065 Gage St.,Winnetka,,,0,ks,1995-08-02,
218,17192.0,51217192.0,Glencoe,Glencoe,UP-N,17,1,19.2,D,0,A,1,66,,724 Green Bay Rd.,Glencoe,,,0,ks,1995-08-02,
219,17205.0,51217205.0,Braeside,Braeside,UP-N,17,1,20.5,E,2,M,1,0,,10 N. St. John's Ave.,,,,0,ks,1995-08-02,
220,17212.0,51217212.0,Ravinia Park,Ravinia Park,UP-N,17,2,21.2,E,0,,0,19,,,Highland Park,,,0,ks,1995-09-14,
221,17215.0,51217215.0,Ravinia,Ravinia,UP-N,17,1,21.5,E,0,A,1,43,,510 Roger Williams Ave.,Highland Park,,,0,ks,1995-08-02,
222,17230.0,51217230.0,Highland Park,Highland Park,UP-N,17,1,23.0,E,0,A,1,578,,1800 St. John's Ave.,Highland Park,,,0,ks,1995-08-02,
223,17245.0,51217245.0,Highwood,Highwood,UP-N,17,1,24.5,E,0,A,1,0,,317 Green Bay Rd.,Highwood,,,0,ks,1995-08-02,
224,17257.0,51217257.0,Fort Sheridan,Fort Sheridan,UP-N,17,1,25.7,F,0,A,1,314,,461 W. Old Elm Rd.,,,,0,ks,1995-08-02,
225,17283.0,51217283.0,Lake Forest,Lake Forest,UP-N,17,1,28.3,F,0,A,1,62,,691 N. Western Ave.,Lake Forest,,,0,ks,1995-08-02,
226,17302.0,51217302.0,Lake Bluff,Lake Bluff,UP-N,17,1,30.2,G,0,A,1,0,,600 N. Sheridan Rd.,Lake Bluff,,,0,ks,1995-08-02,
227,17322.0,51217322.0,Great Lakes,Great Lakes,UP-N,17,1,32.2,G,0,N,0,0,,2840 S. Sheridan Rd.,North Chicago,,,0,ks,1995-09-14,
228,17332.0,51217332.0,North Chicago,North Chicago,UP-N,17,1,33.7,G,0,A,1,0,,1633 Lakeside,North Chicago,,,0,ks,1995-08-02,
229,17359.0,51217359.0,Waukegan,Waukegan,UP-N,17,1,35.9,H,0,A,1,0,,95 N. Spring St.,Waukegan,,,0,ks,1995-08-02,
230,17421.0,51217421.0,Zion,Zion,UP-N,17,1,42.1,I,0,A,1,0,,2501 S. Eden Rd.,Zion,,,0,ks,1995-08-02,
231,17445.0,51217445.0,Winthrop Harbor,Winthrop Harbor,UP-N,17,1,44.5,I,0,A,1,0,,701 N. Main St.,Winthrop Harbor,,,0,ks,1995-08-02,
232,17516.0,51217516.0,Kenosha,Kenosha,UP-N,17,1,51.5,K,0,N,1,0,,5414 13th Ave.,Winthrop Harbor,,,0,aef,2001-01-08,
233,0.0,0.0,Hammond,Hammond,S. Shore,3,1,0.0,,0,,0,0,,4531 Hohman Ave,Hammond,,,0,af,2005-09-22,
234,0.0,0.0,East Chicago,East Chicago,S. Shore,3,1,0.0,,0,,0,0,,5615 Indianapolis Blvd,East Chicago,,,0,af,2005-09-22,
235,0.0,0.0,Gary Metro,Gary Metro,S. Shore,3,1,0.0,,0,,0,0,,200 West 4th Ave,Gary,,,0,af,2005-09-22,
236,0.0,0.0,Miller,Miller,S. Shore,3,1,0.0,,0,,0,0,,Lake Street and U.S. Highway 12,Gary,,,0,af,2005-09-22,
237,0.0,0.0,Ogden Dunes,Ogden Dunes,S. Shore,3,1,0.0,,0,,0,0,,Hillcrest Road and U.S. Highway 12,Portage,,,0,af,2005-09-22,
238,0.0,0.0,Dune Park,Dune Park,S. Shore,3,1,0.0,,0,,0,0,,33 East U.S. Highway 12,Chesterton,,,0,af,2005-09-22,
239,0.0,0.0,Gary Airport,Gary/Chicago Airport,S. Shore,3,1,0.0,,0,,0,0,,Clark Rd and U.S. Highway 12,Gary,,,0,af,2005-09-22,
240,0.0,0.0,Washington St,Washington St,NCS,16,1,0.0,I,0,,0,0,,330 W Washington St,Grayslake,,,0,af,2011-04-28,
241,0.0,0.0,Prairie Crossing,Prairie Crossing/Libertyville,Milw-N,15,1,0.0,H,0,,0,0,,3001 Harris Rd,Libertyville,,,0,af,2011-04-28,
242,0.0,0.0,Rosemont,Rosemont,NCS,16,1,0.0,D,0,,0,0,,10005 Balmoral Ave,Rosemont,,,0,af,2011-04-28,
243,0.0,0.0,Schiller Park,Schiller Park,NCS,16,1,0.0,C,0,,0,0,,4555 Ruby St,Schiller Park,,,0,af,2011-04-28,
244,0.0,0.0,Belmont Ave,Belmont Ave,NCS,16,1,0.0,C,0,,0,0,,9280 Belmont Ave,Franklin Park,,,0,af,2011-04-28,
245,0.0,0.0,Grand-Cicero,Grand-Cicero,Milw-W,12,1,0.0,B,0,,0,0,,1833 N Cicero Ave,Chicago,,,0,af,2011-04-28,
246,0.0,0.0,Laraway Road,New Lenox Laraway Road,SWS,8,1,0.0,H,0,,0,0,,1861 Village Station Blvd,New Lenox,,,0,af,2011-04-28,
247,0.0,0.0,Joliet,Joliet,"Rock Is., Heritage",6,1,0.0,H,2,,0,0,,50 E Jefferson St,Joliet,,,0,af,2011-04-28,
