url,path,content_type,status
https://www.openintro.org/go?id=os4&referrer=/book/os/index.php,,,listed
https://www.openintro.org/go?id=os4_for_screen_reader&referrer=/book/os/index.php,,,listed
https://www.openintro.org/go?id=os4_jp&referrer=/book/os/index.php,,,listed
https://www.openintro.org/go?id=os4_chinese_translation_ch1-6&referrer=/book/os/index.php,,,listed
https://www.openintro.org/go?id=os4_vn_ch1&referrer=/book/os/index.php,,,listed
https://www.openintro.org/go?id=os4_vn_ch2&referrer=/book/os/index.php,,,listed
https://www.openintro.org/go?id=os4_vn_ch3&referrer=/book/os/index.php,,,listed
https://www.openintro.org/go?id=os4_vn_ch4&referrer=/book/os/index.php,,,listed
https://www.openintro.org/go?id=os4_vn_ch5&referrer=/book/os/index.php,,,listed
https://www.openintro.org/go?id=register&referrer=/book/os/index.php,,,listed
https://www.openintro.org/go?id=video_stat_youtube_worked_exercises_playlist&referrer=/book/os/index.php,,,listed
https://www.openintro.org/go?id=ims2&referrer=/book/ims/index.php,,,listed
https://www.openintro.org/go?id=register&referrer=/book/ims/index.php,,,listed
https://www.openintro.org/go?id=stat_os4_prob_ch_odd_exercise_sol&referrer=/book/ims/index.php,,,listed
https://www.openintro.org/go?id=isrs1&referrer=/book/isrs/index.php,,,listed
https://www.openintro.org/go?id=register&referrer=/book/isrs/index.php,,,listed
https://www.openintro.org/go?id=biostat1&referrer=/book/biostat/index.php,,,listed
https://www.openintro.org/go?id=register&referrer=/book/biostat/index.php,,,listed
https://www.openintro.org/go?id=slide_biostat_rmarkdown_exploring_data&referrer=/book/biostat/index.php,,,listed
https://www.openintro.org/go?id=slide_biostat_rmarkdown_probability&referrer=/book/biostat/index.php,,,listed
https://www.openintro.org/go?id=slide_biostat_rmarkdown_distributions&referrer=/book/biostat/index.php,,,listed
https://www.openintro.org/go?id=slide_biostat_rmarkdown_inference_intro&referrer=/book/biostat/index.php,,,listed
https://www.openintro.org/go?id=slide_biostat_rmarkdown_inference_num&referrer=/book/biostat/index.php,,,listed
https://www.openintro.org/go?id=slide_biostat_rmarkdown_slr&referrer=/book/biostat/index.php,,,listed
https://www.openintro.org/go?id=slide_biostat_rmarkdown_mlr&referrer=/book/biostat/index.php,,,listed
https://www.openintro.org/go?id=slide_biostat_rmarkdown_inference_cat&referrer=/book/biostat/index.php,,,listed
https://www.openintro.org/go?id=slide_biostat_rmarkdown_logistic&referrer=/book/biostat/index.php,,,listed
https://www.openintro.org/go?id=ahss3&referrer=/book/ahss/index.php,,,listed
https://www.openintro.org/go?id=ahss_direct_download&referrer=/book/ahss/index.php,,,listed
https://www.openintro.org/go?id=ahss3_for_screen_reader&referrer=/book/ahss/index.php,,,listed
https://www.openintro.org/go?id=ahss4&referrer=/book/ahss/index.php,,,listed
https://www.openintro.org/go?id=ahss4_for_screen_reader&referrer=/book/ahss/index.php,,,listed
https://www.openintro.org/go?id=register&referrer=/book/ahss/index.php,,,listed
https://www.openintro.org/go?id=ahss_eoce_sol-makeup_exam&referrer=/book/ahss/index.php,,,listed
https://www.openintro.org/go?id=ahss_eoce_sol-la_weather_intro&referrer=/book/ahss/index.php,,,listed
https://www.openintro.org/go?id=ahss_eoce_sol-four_games_one_winner&referrer=/book/ahss/index.php,,,listed
https://www.openintro.org/go?id=ahss_eoce_sol-swing_voters&referrer=/book/ahss/index.php,,,listed
https://www.openintro.org/go?id=ahss_eoce_sol-global_warming&referrer=/book/ahss/index.php,,,listed
https://www.openintro.org/go?id=ahss_eoce_sol-student_outfits&referrer=/book/ahss/index.php,,,listed
https://www.openintro.org/go?id=ahss_eoce_sol-tree_lupus&referrer=/book/ahss/index.php,,,listed
https://www.openintro.org/go?id=ahss_eoce_sol-gre_scores_part_III&referrer=/book/ahss/index.php,,,listed
https://www.openintro.org/go?id=ahss_eoce_sol-underage_drinking_intro&referrer=/book/ahss/index.php,,,listed
https://www.openintro.org/go?id=ahss_eoce_sol-underage_drinking_normal_approx&referrer=/book/ahss/index.php,,,listed
https://www.openintro.org/go?id=ahss_eoce_sol-distribution_of_phat&referrer=/book/ahss/index.php,,,listed
https://www.openintro.org/go?id=ahss_eoce_sol-nearsighted_children&referrer=/book/ahss/index.php,,,listed
https://www.openintro.org/go?id=ahss_eoce_sol-housing_prices&referrer=/book/ahss/index.php,,,listed
https://www.openintro.org/go?id=ahss_eoce_sol-overweight_baggage_part_II&referrer=/book/ahss/index.php,,,listed
https://www.openintro.org/go?id=ahss_eoce_sol-taste_test_HT&referrer=/book/ahss/index.php,,,listed
https://www.openintro.org/go?id=ahss_eoce_sol-college_smokers_CI_sample_size&referrer=/book/ahss/index.php,,,listed
https://www.openintro.org/go?id=ahss_eoce_sol-opensource_text_chisq_GOF&referrer=/book/ahss/index.php,,,listed
https://www.openintro.org/go?id=ahss_eoce_sol-offshore_drilling_chisq_indep&referrer=/book/ahss/index.php,,,listed
https://www.openintro.org/go?id=ahss_eoce_sol-identify_critical_t&referrer=/book/ahss/index.php,,,listed
https://www.openintro.org/go?id=ahss_eoce_sol-play_piano&referrer=/book/ahss/index.php,,,listed
https://www.openintro.org/go?id=ahss_eoce_sol-car_insurance_savings&referrer=/book/ahss/index.php,,,listed
https://www.openintro.org/go?id=ahss_eoce_sol-friday_the_13th_part_II&referrer=/book/ahss/index.php,,,listed
https://www.openintro.org/go?id=ahss_eoce_sol-chick_wts_linseed_horsebean&referrer=/book/ahss/index.php,,,listed
https://www.openintro.org/go?id=ahss_eoce_sol-corr_husband_wife_age&referrer=/book/ahss/index.php,,,listed
https://www.openintro.org/go?id=ahss_eoce_sol-coast_starlight_reg&referrer=/book/ahss/index.php,,,listed
https://www.openintro.org/go?id=ahss_eoce_sol-murders_poverty_reg&referrer=/book/ahss/index.php,,,listed
https://www.openintro.org/go?id=ahss_eoce_sol-murders_poverty_inf&referrer=/book/ahss/index.php,,,listed
https://www.openintro.org/go?id=video_stat_youtube_worked_exercises_playlist&referrer=/book/ahss/index.php,,,listed
https://www.openintro.org/go?id=stitz_zeager_com_college_algebra_20130704_pdf&referrer=/book/cat/index.php,,,listed
https://www.openintro.org/go?id=stitz_zeager_com_college_trig_20130704_pdf&referrer=/book/cat/index.php,,,listed
https://www.openintro.org/go?id=stitz_zeager_com_precalc_20130704_pdf&referrer=/book/cat/index.php,,,listed
https://www.openintro.org/go?id=stitz_zeager_com_prereqs_ch0_pdf&referrer=/book/cat/index.php,,,listed
https://www.openintro.org/go?id=apex4&referrer=/book/apex/index.php,,,listed
https://www.openintro.org/go?id=apex4_3d&referrer=/book/apex/index.php,,,listed
https://www.openintro.org/go?id=register&referrer=/book/apex/index.php,,,listed
https://www.openintro.org/go?id=linalg4&referrer=/book/linalg/index.php,,,listed
https://www.openintro.org/go?id=linalg4_solutions&referrer=/book/linalg/index.php,,,listed
https://www.openintro.org/go?id=linalg4_hefferon_syllabus&referrer=/book/linalg/index.php,,,listed
https://www.openintro.org/go?id=linalg4_ashline_syllabus&referrer=/book/linalg/index.php,,,listed
https://www.openintro.org/thread?topic=94,,,listed
https://www.openintro.org/go?id=register&referrer=/teachers/index.php,,,listed
https://www.openintro.org/article/2021-02-15-why-dont-we-release-all-exercise-solutions,,,listed
https://www.openintro.org/article/2011-02-01-new-sections-exercises-solutions-and-online-resources,,,listed
https://www.openintro.org/article/2011-01-04-updated-exercises-for-the-new-year,,,listed
https://www.openintro.org/article/2010-11-01-updates-to-ch-2-3-5-new-exercises-in-ch-1,,,listed
