building_id,building_name_1,building_name_2,stories,number_of_units,year_built,building_sq_ft
510830,,,17,318,1950,
479442,,,12,192,1925,
348062,500 N MICHIGAN,,25,,1972,
29129,,,17,136,1937,
269039,GRANT HOSPITAL,,11,,1975,
215249,,,11,75,1935,
357783,,,22,482,1964,
366993,,,10,120,1908,
814852,,,10,,1908,60200
352202,HYATT REGENCY HOTEL,,33,,1980,
352036,,,10,,1918,
410073,,,22,,1958,
26753,SHORELINE TOWERS,,25,400,1970,
814346,THEATER DISTRICT SELF PARK,,12,,1987,
317528,1242 N LAKE SHORE DRIVE,,28,35,1933,
814557,UNISOURCE SYS,,10,,1925,67600
302621,1555 NORTH ASTOR,,47,,1974,
11398,,,11,172,1916,
813913,,,13,,1998,425100
261691,,,18,,1930,
553248,OGLESBY TOWERS,,25,191,1963,
360681,GATEWAY CENTER IV,300 SOUTH RIVERSIDE PLAZA,22,,1983,
814815,CHICAGO BAR ASSOCIATION,,17,,1990,110500
100389,,,13,90,1933,
239962,,,20,136,1974,
323777,1111 NORTH DEARBORN,,32,,1981,
358412,,,11,,1999,
311079,LOWELL HOUSE,,29,252,1972,
12061,,,12,194,1968,
328886,ESPLANADE APARTMENTS II,,28,,,
837269,,,29,57,1978,
308321,STATE PARKWAY CONDOMINIUMS,,27,,1961,
305092,THE PARKSIDE,,26,54,1974,
322966,THE ELM AT CLARK,,37,,1988,
50116,,,11,,1985,443300
323484,SAINT MARY OF NAZARETH HOSPITAL,,16,,1975,
815481,,,13,49,1930,
295852,,,11,134,1985,
345059,BEST WESTERN,,21,,1931,153300
815876,ELM TOWER,,16,,2002,
366266,,,27,,1984,
232190,,,11,,1949,
286521,,,17,44,1974,
815377,CLARIDGE HOTEL,,15,,1930,72000
31970,GRANVILLE TOWER,,29,154,1970,
36709,,,15,125,1932,
838357,,,11,,2002,
513686,,,15,178,1974,1700
342854,WYNDHAM HOTEL,,27,,1991,
351485,HELENE CURTIS,,10,,1983,138800
328058,MORNINGSIDE APARTMENTS,MOODY BIBLE INST.,13,,1977,
814489,ZURICH INSURANCE CO.,,16,,2000,
98877,,,18,188,1971,
314391,EVERGREEN TOWER II,,11,,1981,
353205,DORAL PLAZA,,40,,1982,
814529,INTERTEC PUBLISHING,,10,,1962,116900
352506,ENGINEERING BUILDING,205 WEST WACKER DRIVE BUILDING,23,,1928,
536511,,,14,224,1971,
313516,DICKINSON HOUSE,,28,,1964,
359678,,,14,,1958,248000
205187,,,10,72,1968,
232028,PARC LANE APARTMENTS,,12,208,1930,4200
861930,,,13,,1962,
353130,NORTH HARBOR TOWER,,55,600,1987,
358801,ABN AMRO BUILDING,,20,,1914,
23143,Mundelein Hall,Loyola University,15,,1921,
357799,NATIONAL LOUIS UNIVERSITY,,20,,1908,
49207,HORIZON HOUSE,,30,112,1969,
836688,,,10,,2005,
480877,,,17,125,1926,119000
815574,BELLEVUE PLACE,,31,,,
19553,Centennial Forum/Mertz Hall,also Mullady MemorialTheatre of Loyola University,10,,1965,
731543,,,13,,1925,
894615,,,14,179,2015,
555630,,,16,90,1964,
369512,UNIVERSITY OF ILLINOIS MEDICAL CENTER,REPLACEMENT HOSPITAL,10,,1980,
200863,,,17,,1967,
821330,,,10,100,1902,25200
832979,,,45,,2004,
824851,Lakeside on the Park,,14,,2005,
813436,SUTTON PLACE HOTEL,,22,,1986,
837166,,,10,150,1955,
138603,,,22,210,1970,
366527,,,10,122,1989,
893254,K2 Rental Units,,34,496,2013,
862494,,,13,200,1936,
359596,,,10,,1899,157400
252007,2500 NORTH LAKEVIEW,,35,,1972,
815091,SPERTUS INSTITUTE OF JEWISH STUDIES,SPERTUS COLLEGE,10,,1949,
459729,PARKVIEW TOWER APERTMENTS,,18,,1968,
459619,,,22,155,1989,
815259,THE WARVICK,,24,55,1974,
868402,,,45,,1930,
837329,,,21,126,1962,
573315,,,17,196,1965,
395339,,,24,,1972,
825867,FAIRMONT HOTEL,,37,,1986,381500
814691,,,12,,1925,
369637,UIC NEUROPSYCHIATRIC INSTITUTE,,11,,1939,
814568,A. SULKA AND CO.,WILLOUGHBY TOWER,38,,1929,
362160,METROPOLITAN CORRECTION CENTER,,27,,1975,
364553,,,19,289,1965,
38884,,,23,317,1954,
71547,,,12,200,1931,
814271,211 W WACKER DR,,19,,1928,
361899,SOCONY-VACUUM BUILDING,,27,,1929,173200
323796,BELLEVUE PLACE,,31,,1971,
417305,,,10,,1974,
202965,HARBOR HOUSE CONDOS,,29,,1967,
364630,COLUMBIA COLLEGE,,14,,1907,
358766,BANKERS BUILDING,THE CLARK-ADAMS,41,,1927,
416469,,,12,,1954,
326058,MORNINGSIDE NORTH,MOODY BIBLE INST.,18,,1981,
222386,,,19,125,1959,
411628,LAKE MEADOWS APARTMENTS III,,21,,1958,
182113,,,20,,1965,
853755,,,16,103,1929,
412035,LAKE MEADOWS IV,,21,,1956,
302881,THE CONSTELLATION,,28,110,1967,
814567,CHICAGO ATHLETIC ASSOC.,,18,,1912,177000
372066,,,13,,1981,
868624,,,20,,1911,
568580,,,15,,1958,
483316,,,14,180,1902,
815081,NWU ABBOTT HALL,,18,,1939,
825006,The Shoreham,,47,,2005,
815376,,,23,100,1901,
356119,STATE & MADISON BUILDING,,17,,1906,830500
815888,KINZIE PARK TOWER,,34,,2000,
837167,,,16,210,1955,
350885,,,14,152,1964,
365713,,,10,,1961,
339881,PARKING,,11,,1994,780400
357570,CHICAGO MERCANTILE EXCHANGE,30 WEST WACKER,40,,1985,
136382,,,11,81,1954,
447323,HARPER SQUARE NORTH,,25,,1949,
866485,,,16,200,1920,
453724,,,22,,1951,
31910,GRANVILLE BEACH CONDO,,29,312,1932,
333284,,,21,3,1990,3686
2096,,,13,86,1931,
868396,,,24,,2006,
313416,,,13,,1950,
355497,,,20,,1916,
331346,ONE EAST DELAWARE,,37,250,1988,101400
815881,CONGRESS CENTER,,17,,2000,
354519,AT&T,,31,,1966,934100
815610,1415 NORTH DEARBORN,,26,92,1974,
273574,2130 N LINCOLN PARK WEST,,18,35,1929,
357168,10 SOUTH CANAL,AT&T,27,,1972,649200
345865,TIME & LIFE BUILDING,541 N FAIRBANKS CT,30,,1969,
553406,,,20,74,1964,
360942,UIC ART INSTITUTE BLDG,,10,,1915,
834525,,,36,,2005,
305170,,,13,,1928,
813762,CITY PLACE,OMNI HOTEL,40,,1989,494300
24225,SHERIDAN-DEVON APARTMENTS,,26,,1968,
416920,IITRI TOWER,,21,,1962,
418235,,,12,150,1970,
353629,HARBOR POINT,,54,742,1974,
146320,,,13,102,1933,
836485,,,10,,2005,
837926,,,19,,1999,
353785,BUCKINGHAM PLAZA,,44,,1979,
814026,,,22,,1986,
367038,RIVER CITY,,12,446,1986,82200
814257,CARBIDE & CARBON BUILDING,HARD ROCK HOTEL,37,,1929,
893335,,,45,500,2013,
344733,EMBASSY SUITES,,10,,1991,
261765,,,17,276,1930,
313699,,,16,,1949,
392736,MERCY HOSPITAL,,13,,1967,
10322,,,16,250,1969,
814569,MALLERS BUILDING,JEWELERS CENTER,21,,1910,
358897,SEARS TOWER,WACKER DRIVE POST OFFICE,110,,1974,
335439,MOODY BIBLE INSTITUTE,ADMINISTRATION BUILDING,12,,1937,
102035,,,13,80,1959,
367873,BURNHAM PARK PLAZA,,19,292,1915,43600
52570,,,21,161,1970,
32053,,,13,,1949,
814771,KLUCZYNSKI FEDERAL BUILDING,,45,,1975,
306295,,,24,57,1932,
814597,ROOSEVELT UNIVERSITY,,12,,1898,200000
210897,3150 NORTH SHERIDAN,,29,,1974,
469556,,,12,,1968,
357442,230 WEST MONROE,,29,,1970,707000
814454,HOTEL ALLEGRO,,18,,1926,
348898,COURTYARD MARRIOTT,,15,,1992,
324108,LASALLE COURT APARTMENTS,,17,310,1933,
356188,AVONDALE CENTER,,36,,1922,428000
387605,,,14,,1926,
258263,,,18,36,1930,
333423,100 WEST CHESTNUT,,31,280,1984,110400
362902,ONE FINANCIAL PLACE,LA SALLE CLUB HOTEL,39,,1983,
814341,,,23,,1927,
8076,,,14,218,1974,
343348,,,15,,1929,66300
846096,,,17,135,1930,
814763,FEDERAL RESERVE BANK,,15,,1922,
814761,,,20,,1913,288900
814906,TRAVEL LODGE,,12,,1930,
403361,,,24,,1966,
847107,,,20,62,1973,
420449,,,17,228,1958,
814860,,,11,,1949,
359462,BANK OF AMERICA CENTER,,20,,1924,
813575,,,24,,1952,
821493,PLATINUM TOWER,,13,72,1900,
368359,UIC SCIENCE ENGINNERING OFFICES,,13,,1964,
353264,FRANKLIN LAKE SELF PARK,,13,,1990,453100
815338,,,15,130,1974,
814582,NW MUTUAL LIFE,303 WEST MADISON,26,,1987,
418262,,,10,,1970,
322492,1133 NORTH DEARBORN,,33,264,1988,23200
112378,,,14,280,1964,
314443,,,14,,1930,
813903,,,41,,1989,
188015,525 HAWTHORNE,,30,378,1990,
244567,2700 NORTH HAMPDEN,,25,95,1971,
352271,CHICAGO MOTOR CLUB,,18,,1928,72500
814849,FINE ARTS BUILDING,,18,,1925,845200
578204,,,20,90,1967,
319348,,,17,173,1931,
49510,,,18,74,1961,
213700,,,12,47,1930,
837998,Armour Academic Center - Rush U,,10,,2005,
831891,,,20,281,1974,
350578,CITYFRONT PLACE,,39,400,1989,
814006,EMBASSY SUITES HOTEL,RIVER EAST CENTER,13,,2001,
458457,,,10,,1928,
834563,,,10,,2005,
343097,WINDSOR AT ONTARIO PLACE,BUKARA RESTAURANT AND WHITE HEN PANTRY,49,,1983,
217910,BARRY WEST APARTMENTS,,27,73,1967,
814411,CHICAGO TITLE AND TRUST CENTER,,50,,,
356595,,,10,,1949,
861480,,,14,53,1931,
146120,4100 N MARINE,,19,187,1967,
308246,,,16,,1972,
19503,,,14,,1932,91600
813600,25 E PEARSON BLDG,LOYOLA UNIV,15,,1994,
297284,EUGENIE SQUARE,,42,,1972,
357885,FIRST AMERICAN BANK,33 WEST MONROE,28,,1934,1092500
158822,GRILL PARK COOPERATIVE,,27,,1969,
259986,2400 N LAKEVIEW,,29,264,1966,
316853,,,15,,1984,
814144,,,45,,2003,
130090,"IMPERIAL TOWERS, NORTH AND SOUTH",,29,864,1962,
352713,NUVEEN,333 WEST WACKER,36,,1983,
814697,,,19,,1927,131100
442259,,,17,146,1984,
316660,,,13,,1929,
63001,5415,,55,770,1974,
34197,TIARA,,29,100,1970,
511111,,,10,92,1984,
430489,,,15,,1951,
315880,,,15,80,1990,
312675,,,17,50,1953,
815085,NORTH PIER TOWER,,62,376,1989,
59490,,,14,,1985,
348741,TRIBUNE TOWER,,34,,1925,
126326,,,19,,1981,
332290,,,31,280,1984,110400
814194,QUAKER OATS BUILDING,,34,,1988,368800
814268,RENAISSANCE HOTEL,,27,,1990,
371292,1212 SOUTH MICHIGAN,,31,247,1980,
815867,21 WEST CHESTNUT,,17,175,1899,
574061,,,22,240,1969,
318846,,,17,,1970,
261607,345 FULLERTON EAST AND WEST,,30,220,1974,
197897,,,17,77,1931,
422881,,,20,200,1981,
814558,UBS TOWER,,50,,2001,1542300
383370,2101 SOUTH MICHIGAN,,26,275,1971,
321624,,,10,,1981,
317953,,,32,62,1969,
219892,,,20,109,1966,
44301,,,12,90,1957,
523162,,,11,110,1983,
814196,WESTIN RIVER NORTH,,19,,1987,
357993,,,10,,1949,
115304,RAVENSWOOD HOSPITAL MEDICAL CENTER,,10,,1972,
815873,,,20,,2003,
838101,,,11,,2005,
814516,HOTEL BURNHAM,,14,,1914,62700
245873,,,11,,1968,
821396,,,10,,2002,
325796,OAK TRUST & SAVINGS BANK,,39,,1971,
318962,GREEN HOMES 1,,15,,1965,
320362,,,15,,1949,
814742,,,11,,1990,222800
397469,,,21,240,1971,
329879,ESPLANADE APARTMENTS I,,28,,1955,
316694,,,13,,1949,
815077,222 PEARSON EAST,,29,220,1969,
23295,,,12,,1968,
74314,HILTON HOTEL,OHARE AIRPORT STRUCTURE,10,,1973,
340322,THE HERMITAGE ON HURON,,26,241,1985,10700
583229,,,34,330,1968,
245172,,,19,130,1985,
352480,35 EAST WACKER DRIVE BUILDING,,40,,1926,
343329,230 EAST ONTARIO,,28,144,1972,3500
861925,,,15,28,1932,
205249,,,14,56,1933,
365174,UIC - UNIVERSITY HALL,,28,,1964,
813467,ONE MAGNIFICANT MILE,,57,182,1984,465900
358005,HARRIS TRUST,,15,,1973,
150816,,,23,662,1955,
799326,,,12,,1959,
308077,,,18,,1927,
475665,,,17,31,1971,
815437,,,15,72,1974,
821438,,,11,88,1929,
356148,THREE BANK ONE PLAZA,THREE FIRST NATIONAL PLAZA,57,,1979,
868400,,,17,,,
357386,NORTHERN TRUST BANK,,13,,,
261747,,,18,68,1930,
398113,,,13,,1957,
815875,PARK PLACE,,18,,2002,
330947,,,13,48,1926,
358763,DIRKSEN FEDERAL BUILDING,,30,,1965,
358416,Charles Schwab,,33,,1969,
815822,KENNELLY SQUARE,,24,290,1974,35900
385853,HYATT REGENCY MCCORMICK PLACE,,32,,1998,
207872,,,14,,1923,
355584,BURNHAM CENTER,,21,,1915,
344187,APARTMENT BUILDING,,50,,1983,
813958,,,30,,2003,
418270,,,13,,1929,
813465,,,11,14,1916,
838099,,,11,,2005,
351869,COLUMBUS PLAZA,,47,352,1980,
331204,JOHN HANCOCK CENTER,,100,,1969,
481456,PROMONOTORY APARTMENTS,,21,231,1947,853200
103480,,,23,310,1970,
355637,CIVIC OPERA BUILDING,LYRIC OPERA,45,,1929,
834528,CONGRESS PLAZA HOTEL,,13,,1900,
814395,ORIENTAL THEATER,,23,,1926,
30119,,,11,,1949,
813548,THE BRISTOL,,42,189,1901,17400
339736,NWU PRENTICE/STONE PAVILLION,INSTITUTE OF PSYCHIATRY,14,,,
762923,PULLMAN BANK BUILDING,,13,,1989,214100
362168,,,21,,1978,
341431,676 NORTH ST. CLAIR,,25,,1979,
241398,,,11,,1965,
814451,METROPOLITAN BLDG,,22,,1926,
821019,PRAIRIE HOUSE,,14,,2003,
304077,,,17,34,1929,
414672,,,12,,1954,
322336,,,18,,1925,
834944,THE LOFTS AT MUSEUM PARK II,,21,,2006,
836111,,,12,,2005,
814583,CHICAGO ATHLELIC ASSOC.,,18,,1912,177000
356153,TWO NORTH LASALLE,,26,,1978,
814856,,,11,,1908,47500
334585,FEWKES TOWER,,29,,1967,
815622,CHESTNUT PLACE APARTMENTS,,30,,1981,
837492,,,15,,1929,
815884,CONTEMPORAINE,,15,,2004,
337830,THE CHICAGOAN,,36,221,1989,18200
359044,GATEWAY CENTER III,222 SOUTH RIVERSIDE PLAZA,35,,1972,
535693,,,21,241,1970,
814522,,,12,,1966,102500
312794,,,11,,1999,
431160,,,14,339,1970,
484285,,,14,154,1949,
356929,CHEMICAL PLAZA/HANOVER PLAZA,,37,,1949,
370047,SEARS MERCHANDISE TOWER,,15,,1949,
815415,,,18,88,1933,2400
342572,W HOTEL LAKESHORE,,33,,1964,475500
360650,300 SOUTH WACKER,,36,,1971,
824984,The Lancaster,,30,,2005,
554953,,,12,132,1916,
837541,,,32,66,1932,
838359,,,14,,1924,
330981,,,17,130,1930,
452933,,,22,126,1929,
815887,WELLS STREET TOWER,,34,,2003,
857450,,,10,,1929,
814570,CHICAGO BUILDING,,14,,1904,
340206,ONE SUPERIOR PLACE,,52,,1999,
167503,,,18,,1972,
320848,,,24,,1958,
814894,,,14,,1892,
825154,,,10,,1893,
813513,THE MARRIOT HOTEL,,19,221,1956,4400
310518,1410 NORTH STATE PARKWAY,,27,50,1891,
360610,BROOKS BLDG,,12,,1910,
813521,DOUBLE TREE HOTEL,,29,,1990,
374888,,,13,121,1971,
836580,,,23,,2005,
51824,EDGEWATER MEDICAL CENTER,NURSES HOME,10,,1969,
112125,,,12,,1920,
356168,MADISON PLAZA,HYATT OFFICES,44,,1982,
364929,,,12,,1949,
815197,,,13,,1949,
831780,,,26,227,1974,
308684,1440 N LAKE SHORE DR.,,36,160,1967,
56889,,,20,285,1931,12500
226991,,,14,216,1953,
351864,,,27,162,1888,
563610,,,10,,1949,
344226,HOLIDAY INN - CHICAGO CITY CENTRE,,27,,1976,
350135,EQUITABLE BUILDING,401 N MICHIGAN AVENUE,36,,1965,846800
470897,,,17,68,1928,
135827,SHERWAY TOWER,,19,4,1979,
875086,,,19,34,1931,
858579,,,16,86,1967,
834545,,,27,,2005,
545543,,,13,193,1967,
853753,,,10,117,1925,
324079,,,21,247,1937,
871017,,,20,233,,
874101,,,10,150,1929,
874105,,,20,200,1931,
813319,MUSEUM PARK TOWER 1,,20,,2002,
343478,,,18,,1988,129200
333261,,,26,126,1969,
344505,625 NORTH MICHIGAN,,27,,1970,
360585,TRANSUNION BUILDING,111 WEST JACKSON BOULEVARD BUILDING,24,,1961,
358356,,,12,,1927,
357973,USG BUILDING,,35,,1992,
365095,BLACKSTONE HOTEL,,21,95,1910,
456875,ALGONQUIN APARTMENTS 6,,14,70,1953,
813620,777 NORTH MICHIGAN,,38,330,1964,56200
813462,219 EAST LAKE SHORE DRIVE,,12,44,1922,
815889,GRAND PLAZA I,,57,,2003,
403381,OXFORD MALL,,25,,1970,
814185,,,15,,1989,148000
814824,FISHER BUILDING,,20,,1906,
882803,,,38,465,1974,
350946,ONE IBM PLAZA,,52,,1973,
814680,EDISON BUILDING,,20,,1907,573500
354471,RANDOLPH-WELLS BUILDING,,23,,1928,401300
172376,3550 N LAKE SHORE DRIVE I & II,,27,728,1961,
815196,1540 NORTH STATE PARKWAY,,16,64,1959,
357561,CITIGROUP CENTER,,42,,1991,
820540,One South Dearborn,,39,,2005,
21639,GRANADA CENTRE,LOYOLA UNIVERSITY,17,166,1991,40000
358297,BANK OF AMERICA,FIELD BUILDING,45,,1934,
397515,PRAIRIE SHORES 1,,21,342,1961,
567831,7000 SOUTH  SHORE DRIVE,,16,128,1926,
305647,PARK ASTOR,,27,64,1968,
329069,233 EAST WALTON,,14,14,1922,
48123,,,20,171,1968,
814612,NORTHERN TRUST BANK ANNEX,,14,,1965,
204201,BEL HARBOUR,,29,204,1967,
288655,HEMINGWAY HOUSE,,29,280,1974,12100
368188,Jesse Brown VA Medical Center,WEST SIDE MEDICAL CENTER,12,,1952,
885681,WRIGLEY BUILDING NORTH ADDITION,,18,,,
234600,COMMONWEALTH PROMENADE E,,27,,1955,
815571,,,17,,1908,104600
318818,1212 NORTH LAKE SHORE DRIVE,,36,180,1969,
824754,HYATT CENTER,,48,,2005,1700000
428482,WILLA RAWLS MANOR,,11,,1981,
42099,PETERSON PLAZA,,11,101,1985,
356208,PRUDENTIAL SECURITIES,ONE NORTH FRANKLIN,36,,1990,716900
322678,1110 NORTH LAKE SHORE DRIVE,,40,74,1970,
418355,LAWLESS GARDENS 2,,24,,1968,
356872,PARKVIEW SENIOR APARTMENTS,CHICAGO HOUSING AUTHORITY,22,181,1962,
814677,CITADEL CENTER,BANK ONE CORPORATE CENTER,39,,2003,
814892,MORTON BUILDING,,12,,1896,
427596,PAUL G STEWART APARTMENTS 2,,28,170,1973,
367994,UNIVERSITY OF ILLINOIS CHICAGO MEDICAL CENTER,UIC CLINICAL SCIENCES BUILDING,14,,1953,
456548,THE CHIPPEWA,,14,70,1951,
426785,,,13,,1962,
814621,CHAMPLAIN BUILDING,SCHOOL OF THE ART INSTITUTE OF CHICAGO,13,,1902,
351057,HOUSE OF BLUES HOTEL ON DEARBORN,CRUNCH GYM ON N STATE,13,,1962,
483313,WINDERMERE HOUSE,,13,,1923,328200
354460,CADILLAC PALACE THEATRE,,22,,1926,
232168,SHERIDAN SURF,,11,139,1924,
814774,GIBBONS BUILDING,,16,,1912,59100
460462,CORNELL VILLAGE,,27,144,1968,
50957,HOLLYWOOD HOUSE,,12,198,1969,
339886,OLSON PAVILION/MCGAW PAVILION/HEALTH SCIENCES BLDG,NORTHWESTERN UNIVERSITY,10,,1979,
165975,THE NEW YORK,,49,,1986,
455833,ALGONQUIN APARTMENTS 4,,14,70,1953,
285069,,,11,105,1929,8000
814813,,,10,,1901,256500
813880,,,18,,1985,173300
814809,,,10,,1926,150900
815036,,,10,,1896,115600
883626,THE REGATTA,,44,,2007,
273108,,,11,40,1930,
38000,SHERIDAN TOWERS,,21,60,1952,
185439,HAWTHORNE HOUSE,,42,458,1966,
342115,2 EAST ERIE,,39,232,2002,
352770,203 NORTH WABASH,,25,,1928,
351639,ONE ILLINOIS CENTER,HOULIHANS,30,,1970,3750000
326851,DRAKE HOTEL,,13,,1920,
815096,ADA BUILDING,AMERICAN DENTAL ASSOCIATION,23,,1965,400800
822751,STRAUS BUILDING,,37,,1924,
821243,STATE OF IL OFFICES,,10,,1996,
208181,3180 N LAKE SHORE DRIVE,,23,,1963,
837922,THE BARRY,,15,64,1925,
404590,PRAIRIE SHORES 5,,21,342,1960,
885703,REGENTS PARK SOUTH,,37,,1972,
354383,MACYS,MARSHALL FIELDS,13,,1914,
814660,QUAKER PLAZA,,18,,2002,
319886,1212 NORTH LASALLE,,27,,1987,
352489,,,50,,1990,1206400
359055,THE EDGE LOFTS AND TOWER,,21,,2004,
815104,"3600 N LAKE SHORE DRIVE, I & II",,28,640,1959,
223659,THE HALLMARK,,38,340,1990,
153739,,,19,,1969,
24869,WRIGHT (BVM RESIDENCE) HALL,LOYOLA UNIVERSITY,13,,1958,
117839,CLARENDON COURTS,,26,,1979,
324865,MAPLE TOWER,,20,,2006,
813551,SOFITEL CHICAGO WATER TOWER,,33,,2001,
815145,THE CARAVEL,,29,,2003,
880172,155 NORTH WACKER,,11,,1954,
886000,353 NORTH CLARK,,46,,2008,
886022,SILVER TOWER,,39,,2007,
339641,REHABILITATION INSTITUTE OF CHICAGO,,19,,1973,
815076,LAKE SHORE CENTER,NORTHWESTERN UNIVERSITY,19,,1924,
354922,120 NORTH LASALLE,,39,,1990,547300
455820,ALGONQUIN APARTMENTS 5,,14,70,1952,
814483,CITY CENTER CLUB,,20,,1912,
365860,CHICAGO HILTON AND TOWERS,,29,,1927,
815893,2120 NORTH LINCOLN PARK WEST,,23,,2000,
834949,SKY55,,40,,2005,
360285,DEPAUL (UNIVERSITY) CENTER,,11,,1911,560800
218326,533 WEST BARRY,,17,,1966,20100
885702,REGENTS PARK NORTH,,36,,1974,
880228,,,47,225,2008,
880248,,,16,,1926,
350368,"STATE- KINZIE, WABASH SELF-PARK",,12,,1974,312000
100657,,,14,200,1935,
358735,CENTURY BUILDING,,16,,1915,
885698,,,27,,1969,
109471,NORTH EASTWOOD SHORES APARTMENTS,,16,231,1972,
353237,180 NORTH LASALLE,HEITMAN CENTER,39,,1972,
814971,ASTORIA TOWER,,20,292,,43600
815583,THE VENETIAN,,15,,2004,
825064,THE BELVEDERE,,16,,2004,2300
825100,THE PEARSON,,35,,2003,
834544,RIVER PLACE ON THE PARK,,21,,2005,
837920,THE GRAND ORLEANS,,22,,2005,
33721,,,15,84,1973,
877658,,,20,47,1931,
478374,,,12,,1949,
478765,,,11,270,,
333430,AMERICA-FORE BUILDING,,12,,1923,
814908,HARRISON HOTEL ELECTRIC GARAGE,,21,125,1930,
884611,CENTER FOR BIOMEDICAL DISCOVERY,UNIVERSITY OF CHICAGO,10,,2008,
815874,340 WEST SUPERIOR,,17,,2002,
364561,TRANSPORTATION BUILDING,,22,,1911,
244025,2650 NORTH LAKEVIEW,,44,328,1973,
352785,200 NORTH DEARBORN APARTMENTS,,47,310,1989,51500
815216,,,19,142,1974,
295018,EUGENIE TERRACE ON THE PARK,,44,3,1987,
368756,DEARBORN PARK HIGH RISE I,,27,120,1980,
349012,COURT HOUSE PLACE,,21,,1926,
837491,PALMOLIVE BUILDING,,37,,1929,
52074,CHICAGO MARIOTT O'HARE,,12,,1972,532200
454939,ALGONQUIN APARTMENTS 2,,14,70,1952,
330870,880 LAKE SHORE DRIVE,,26,263,1951,
65609,THE METROPPOLITAN,,25,253,1985,
888212,,,12,106,2008,
861453,,,15,144,1930,
814918,THE BLACKSTONE,,21,,1910,156700
888213,,,12,106,2008,
151207,LAKE PARK PLAZA,,29,448,1968,
352769,70 EAST LAKE,,16,,1928,
815153,THE NEAPOLITAN,,18,95,1899,
814392,GENE SISKEL FILM CENTER,ART INSTITUTE DORMATORY,16,,,
886003,ECHELON AT K STATION,,39,,2008,
359568,LAKE FOREST SCH. OF MANAGEMENT,,15,,,
814896,PONTIAC BUILDING,,14,,1891,
364077,HARRISON ST LOFTS,,14,,1998,
365818,PRINTERS SQUARE APARTMENTS,,13,,1983,
227176,441 WEST OAKDALE,,15,70,1965,
885680,WRIGLEY BUILDING,,27,,,
815360,AMBASSADOR EAST HOTEL,,16,,1930,169500
206153,BELMONT TOWER,,24,277,1969,
473973,SHORELAND HALL,SHORELAND HOTEL,14,307,1921,
894278,REVA AND DAVID LOGAN CENTER FOR THE ARTS,,11,,2012,
894280,HYATT PLACE HOTEL,,17,,2015,
893034,harper ct office building,,12,,2013,
892077,,,40,89,2012,
892216,WIT HOTEL,,27,,2009,
894074,,,40,402,2014,
575488,HYDE PARK MGMT COMPANY,,11,48,1963,
886064,AMLI 900,,24,,2008,
892859,Venue SIX10,,10,,2007,
889831,,,15,1,2009,
889832,,,15,1,2009,
888279,,,37,422,,
889236,,,33,3,2008,
427375,,,11,61,1971,
55898,LAKESHORE TOWER,,20,133,1962,
813487,,,11,20,1923,
813491,,,10,11,1923,
463983,HAMPTON HOUSE,,11,134,1917,
861929,,,44,666,1968,
304399,JAMES HOUSE,,43,,1971,
891308,,,54,,2010,
886021,RIVER NORTH MARRIOTT SUITES,,27,523,2008,
836180,STREETER PLACE,,53,,2005,
891281,,,35,,2010,
885988,DANA HOTEL & SPA,,26,,2007,
847031,PARKVIEW WEST,,49,,2006,
891265,,,17,184,2009,
890853,,,21,,2008,
888817,ASTORIA,,10,96,2009,
357905,WALGREENS,,12,,1905,
837666,1000 Lake Shore Plaza,,55,,,
337459,NWU - LEVY MEYER HALL,,12,,1984,
814967,JOHNSON PUBLISHING,,12,,1971,137800
886005,1400 MUSEUM PARK,,33,,2007,
888822,,,27,260,2009,
886008,MICHIGAN AVENUE TOWER II,,28,,2007,
888825,,,60,,2009,
886006,1600 MUSEUM PARK,,32,268,,
888370,,,22,,2008,
866004,NWU - WARD MEMORIAL BUILDING,,20,,1926,
891792,,,26,198,2010,
333187,WATER TOWER PLACE,RITZ CARLTON HOTEL,74,,1976,230200
345729,LAKE SHORE PLAZA,,38,,1986,
254278,,,10,120,1930,
328974,200 EAST DELAWARE,,35,198,1974,
825051,840 North Lake Shore Drive,,27,,2004,
356082,CITICORP CENTER,,42,,1988,1998500
452133,,,21,120,1929,
443297,LAKE VILLAGE EAST,,26,,1957,
837328,,,10,140,1928,
350042,RIVER PLAZA,,51,,,
321282,,,13,,1974,
441110,,,11,288,1971,
358055,CIGNA,525 WEST MONROE,26,,1983,
361810,,,20,,1984,
314787,RITCHIE TOWER,,29,,1964,
358289,,,15,,1895,
382516,CHA,,22,,1957,
257055,,,19,107,1930,
55142,,,10,,1972,
316750,,,17,,1960,
254796,,,15,138,1973,43000
317644,,,10,28,1929,
308301,ALCOTT HOUSE,,28,,1960,
350525,SHERATON HOTEL & TOWERS,,31,,1991,627500
352488,UNITRIN,,41,,1961,
355506,PITTSFIELD BUILDING,,38,,1927,
302721,,,12,,1918,
55807,,,22,96,1968,
814415,RANDOLPH TOWER,,45,,1929,
351943,KPMG BUILDING,THREE ILLINOIS CENTER,29,,1979,935500
352500,Merrill Lynch,WACKER PLAZA,26,,1986,
332257,,,15,,1927,
83629,,,15,135,1925,
158076,,,19,,1975,
355588,AMERICAN NATIONAL BANK,,38,,1928,
824921,Park Alexandria,,32,,2003,
358653,COSI,,20,,1910,
140394,THE WATERFORD,,24,252,1974,
59257,,,12,,1979,405400
65309,THE BREAKERS,,33,476,1988,
460959,,,13,125,1930,
868399,,,37,,1919,
301375,300 NORTH PARK TOWER,,16,160,1974,
240058,,,21,155,1974,
861865,,,23,222,1951,
834535,TRUMP TOWER,,92,,2005,
861893,,,21,313,1956,
38033,MALIBU EAST,,45,498,1974,
836307,,,19,,2005,
815894,VUE20 CONDOMINIUMS,,20,,2003,
814863,AUDITORIUM BUILDING,AUDITORIUM THEATRE,17,,1890,
874124,,,17,,1899,
883627,THE CHANDLER,,33,,2008,
861514,,,12,44,1933,
881849,,,14,,1906,
102667,,,14,,1949,
861889,,,15,248,1954,
315865,,,15,14,1928,
336598,VICTOR LAWSON YMCA,,24,,1931,
838069,COHN RESEARCH BUILDING,RUSH HOSPITAL,17,,1998,
352805,CENTURY TOWER,CORN PRODUCTS BUILDING,28,125,1930,32800
880247,,,10,,1892,
402557,PRAIRIE SHORES 4,,21,342,1959,
453812,ALGONQUIN APARTMENTS 1,,14,70,1952,
814033,BOYCE BUILDING,,13,,1912,
349416,NBC TOWER,,37,,1988,1185900
362564,235 VAN BUREN,,46,,2008,27200
318554,TOWERS CONDOMINIUM,,19,208,1974,
238463,,,11,,1926,
886028,THE MONDIAL,,14,,2007,
885961,1555 WABASH,,14,,,
885986,LEXINGTON PARK CONDOS,,35,333,2007,
814515,MID AMERICA ASSET,,12,,1979,197900
891261,,,43,3,2009,
891266,,,46,,2009,
891471,215 WEST,,50,389,2010,
482933,1700 EAST 56TH STREET,,39,368,1970,
358320,190 SOUTH LASALLE,,40,,1985,
814716,PARKING GARAGE,,11,,1990,222800
858573,,,19,92,1967,
838242,,,10,,2000,
799929,,,12,,1957,
813584,,,17,62,1972,
359036,1 QUINCY COURT,,19,,1913,
40408,SCHNEIDER APARTMENTS,,13,180,1976,
353753,BLUE CROSS-BLUE SHIELD,,30,,1899,1631600
35806,,,12,115,1957,
815084,TOKYO HOTEL,,16,,1928,64300
814767,200 WEST JACKSON,,27,,1970,
315046,RITCHIE COURT CONDOMINIUMS,,27,,1974,
814688,CITY CENTER,,22,,1927,251900
275293,,,12,104,1919,7200
858575,,,16,87,1969,
838198,,,10,,2000,
813463,,,18,66,1929,
312510,CUMMINGS HOUSE,,28,,1962,
523856,SMITH-BLAIR HOUSE,,18,205,1980,
835949,MUSEUM PARK PLACE 1,,23,,2006,
868606,,,38,,1927,
309922,,,19,50,1974,
310472,1418 N LAKE SHORE DRIVE,,30,30,1984,
485755,,,13,52,1929,
319031,,,23,,1970,
357426,200 WEST MONROE BUILDING,,23,,1973,
353242,AON CENTRE,FORMERLY AMOCO BUILDING,83,,1972,
360536,INSURANCE EXCHANGE,,22,,1928,
868395,,,21,,2006,
138395,,,23,271,1966,
61719,,,14,,1985,
813873,MC CLURG COURT CENTER,,46,,,
356814,,,20,,2004,
828055,,,25,,2005,
353189,WLS-TV (ABC),,13,,1917,
351004,MERCHANDISE MART,CHICAGO TRANSIT AUTHORITY,25,,1933,3914400
814972,,,11,,1913,
353226,JAMES R. THOMPSON CENTER,STATE OF ILLINOIS CENTER,15,,1985,
451746,,,11,174,1961,
383684,HILLARD SENIOR HOMES I AND II,,16,,1966,
352493,LAKE SIDE BANK,,16,,1966,275700
324279,50 EAST BELLEVUE,,27,144,1979,
815869,HURON POINTE,,14,140,1900,
538123,,,23,,1966,
814599,10 S RIVERSIDE PLAZA,,21,,1965,619500
358869,200 SOUTH WACKER,,41,,1981,
348832,444 N MICHIGAN,,37,,1976,531500
821450,,,10,,1929,121400
574509,,,13,65,1929,
360730,,,15,,1911,304200
866234,,,20,,,
351992,SWISSôTEL CHICAGO,,45,,1989,840600
564364,,,12,65,1964,
319406,1209 NORTH ASTOR,,14,32,1926,
348962,HAMPTON INN & SUITES,,12,,1998,
814085,PLAZA 440,,49,,1991,
323379,1122 NORTH DEARBORN,,27,125,1999,
480635,PIERCE HALL,UNIVERSITY OF CHICAGO,10,,1960,
360472,RALPH H. METCALFE FEDERAL BUILDING,,27,,1991,779100
814626,100 WEST MONROE,,22,,1927,160700
813956,HILTON GARDEN INN RIVER NORTH,,24,,1999,
821244,212 EAST,,13,,2003,13500
815090,UNION LEAGUE CLUB,,22,,1926,313300
448387,DREXEL TOWERS APARTMENTS,,14,77,1970,
875327,,,16,248,1926,
888818,ASTORIA TOWER,,31,240,2009,
891323,,,22,260,1961,
886019,PURE,,12,,2008,
891264,,,32,,2009,
886024,STAYBRIDGE SUITES,,17,206,,
891282,TALBOTT HOTEL,,17,143,1924,
355581,BRUNSWICK BUILDING,COUNTY BUILDING,35,,1965,
571651,,,10,,1948,
364637,,,12,,1905,
814632,,,13,,1912,
308832,,,20,133,1974,
14214,,,14,218,1969,
814340,LAKE-MICHIGAN BUILDING,HARVESTER BUILDING,23,,1927,
834537,,,12,,2005,
417648,,,10,127,1973,
814778,,,18,,2002,
358139,120 RIVERSIDE PLAZA,TCF BANK,21,,1965,698000
462348,,,10,150,1921,
193420,,,14,61,1924,
342661,ONTERIE CENTER,,58,600,1985,39600
366002,,,10,,1923,99000
350547,,,10,,1998,
346990,LAKE POINT TOWER,,69,,1967,
553316,QUADRANGLE HOUSE,,27,330,1970,
457917,,,10,,1949,
835946,MUSEUM POINTE,,26,,2005,
277387,2000 N LINCOLN PARK WEST,,16,,1974,
815725,TWO PRUDENTIAL PLAZA,,64,,1990,
342981,,,18,,1985,
606498,,,15,,1970,
861917,,,15,28,1932,
358774,THE ROOKERY,,11,,1886,
43711,,,16,,1968,
814911,,,11,,1911,130200
85841,,,14,,1949,
358341,NORTHERN TRUST BANK,125 SOUTH WACKER DRIVE,30,,1973,
574786,,,12,,1949,
335504,,,20,181,1964,
357025,ONE SOUTH WACKER,,40,,1982,
782533,CARGILL INC,,23,,1955,
331947,860 N LAKE SHORE DRIVE,,26,263,1953,
323872,,,19,,1957,
384744,,,17,350,1973,
814171,RIVERVIEW CONDOMINIUMS & TOWNHOUSES,WEST TOWER,32,,2004,
430484,,,14,,1957,
307051,FAULKNER HOUSE,,30,,1969,
114458,,,12,,1931,62700
861773,,,15,58,1934,
322545,ELM STREET PLAZA,,34,396,1974,11900
814169,RIVERVIEW CONDOMINIUMS & TOWNHOUSES,EAST TOWER AND HEALTH CLUB,27,,2000,
815144,MILLENIUM CENTRE,,58,,2003,
460876,,,16,158,1962,
358010,HARRIS BANK II,,38,,1974,1375400
360936,311 SOUTH WACKER,,65,,1990,
333111,CHATELAINE TOWER APARTMENTS,,21,114,1930,
281085,2020 NORTH LINCOLN PARK WEST,,39,,1971,
824920,PARVENU,,12,,2004,
833647,STATE PLACE,,24,,2004,
837923,,,15,,2002,
868623,METROPOLITAN PLANNING COUNCIL,,23,,1913,
886063,,,35,,2008,
370533,UIC PSYCHIATRIC INSTITUTE,UIC SCHOOL OF PUBLIC HEALTH,13,,1957,
880603,,,10,,1892,
357048,10 SOUTH WACKER,,40,,1987,
457225,,,11,104,1965,
813453,40 EAST OAK,,20,250,1933,156800
814554,ONE NORTH LASALLE,,48,,1930,
815493,40 EAST CEDAR,,21,75,1968,
317409,,,10,72,1925,
332431,,,10,,1997,
894281,HILTON GARDEN INN,,27,,2015,
575291,,,11,20,1963,
890048,,,35,1,2008,
886027,THE GRANVILLE,,11,,2008,
891310,,,35,,2010,
891772,,,16,125,1928,
814922,,,12,80,1986,14100
815094,,,12,23,1920,
279523,,,12,249,1984,
815868,CHESTNUT TOWER,,36,,2000,
815880,UNION TOWER,,18,,1998,390800
354504,DALEY CENTER,,32,,1965,
217853,,,18,,1967,
408686,IIT GUNNSAULUS HALL,,10,,1957,
837665,,,24,138,1953,
814218,KINZIE STATION TOWER,,25,,2000,
235182,COMMONWEALTH PROMENADE W,,27,,,
355911,HAROLD WASHINGTON SS CENTER,,10,,1976,
342918,SALVADOR FERRAGANNO,,10,,1961,
357849,MID CONTINENTAL PLAZA,,50,,1972,
865990,,,42,,1965,
813875,MC CLURG COURT CINEMA,LAKE SHORE ATHLETIC CLUB,53,102,1974,61900
86156,,,22,201,1966,
342804,STREETERVILLE CENTRE,,26,160,1969,76500
814916,COLUMBIA COLLEGE,,10,,1895,198900
368556,TAYLOR PLACE APARTMENTS,NORTH/SOUTH,12,,1967,
203011,THE EDDYSTONE,,23,70,1932,
815100,,,18,,1905,
140123,,,24,,1972,
40059,MALIBU CONDOMINIUMS,,39,356,1971,
813874,MC CLURG COURT CENTER,,53,102,1974,61900
452905,,,22,,1929,
358982,KENT LAW SCHOOL,,10,,1991,250800
814889,,,12,,1917,75100
59348,,,11,,1981,
851863,,,18,64,1929,
316920,ELIOT HOUSE,,28,,1962,
457797,,,14,,1926,
843458,340 on the Park,,64,,2006,
813653,FITZPATRICK HOTEL,,27,,1961,119700
327683,990 N LAKE SHORE DR.,,33,147,1974,
776442,GREAT LAKES CARBON CORP,,11,,1942,
46903,,,21,200,1964,
815820,,,44,,,
837924,,,29,,2005,
335531,LEWIS TOWERS,LOYOLA UNIV,15,,1927,
314577,1320 NORTH STATE PARKWAY,,15,42,1926,
880212,233 EAST ONTARIO,,14,,1971,
330908,253 EAST DELAWARE,,23,164,1958,
880573,,,39,462,1960,
880604,,,16,,1926,
814498,I AM TEMPLE,,15,,1916,
120006,RAVENSWOOD HOSPITAL RESIDENCE,,13,220,1973,
369367,UIC COLLEGE OF NURSING,UNIVERSITY OF ILLINOIS AT CHICAGO,12,,1968,
351724,HYATT REGENCY CHICAGO I,,33,,1974,1063800
224829,,,21,56,1958,
352508,225 WEST WACKER,,28,,1989,
154196,3900 NORTH LAKE SHORE DRIVE,,25,240,1960,
356146,INTERCOUNTY TITLE BUILDING,,14,,1906,111200
814387,ATLANTIC BANK BUILDING,,12,,1916,70400
352279,TWO ILLINOIS CENTER,,32,,1972,3750000
814224,RIVERBEND CONDOMINIUMS,,38,,2002,
815886,,,33,329,1901,
354511,BOEING WORLD HDQ.,NAVTEQ,36,,1990,
417459,LAWLESS GARDENS 1,,25,230,1969,
340007,CHICAGO PLACE,SAK'S FIFTH AVENUE,49,204,1991,376500
355594,PARKING GARAGE,,12,,1940,
888380,110 W SUPERIOR,,27,,2008,
886018,PRINTERS CORNER,,17,88,2007,
891915,EnV of Chicago,,29,250,2010,
891283,,,18,75,1930,
890986,,,15,1,2009,
891892,ROOSEVELT UNIVERSITY VERTICAL CAMPUS,,32,,2011,
891773,,,16,144,1928,
862227,,,23,80,1970,
894474,,,24,35,2015,
229048,,,19,240,1956,
222762,,,15,130,1953,
363558,AT&T BLDG,,11,,1948,
368657,,,19,,1911,
312161,,,21,,1963,
311900,ST ELIZABETH'S HOSPITAL,POOR HAND-MAIDS OF JESUS CHRIST,11,,1949,
524388,,,16,,1962,
577007,7300 SOUTH SHORE DR,,13,130,1928,
853754,,,10,36,1925,
9876,WINSTON TOWERS NO.3,,16,250,1971,
342643,PARKING GARAGE,,11,,1985,26400
357771,,,14,,1926,
50285,"HOLLYWOOD TOWERS, NORTH AND SOUTH",,30,541,1966,
362038,OLD COLONY BLDG,,17,,1894,
838096,,,11,,2005,
113670,,,26,,1971,
815146,630 NORTH STATE,,27,,2000,
814948,,,10,,1949,
313439,ASTOR HOUSE,,30,,1969,
354943,HARTMARX,101 NORTH WACKER,23,,1980,
830499,,,10,,2002,
146297,,,10,126,1951,
352492,LEO BURNETT BUILDING,,50,,1988,1272700
425645,,,15,,1961,
407042,,,11,,1979,
400425,,,21,,1968,
321436,,,10,20,1918,
419500,,,11,,1981,
363567,FEDERAL BLDG,,10,,1949,
352788,THE CONCOURSE AT 203,LOOP TRANSPORTATION CENTER,28,,1986,775800
468556,5401 SOUTH HYDE PARK BLVD,,15,78,1962,
814942,NEW FRANKIN BUILDING,,13,66,1910,17500
814154,DEARBORN PLAZA,,17,,2000,
355660,30 NORTH LASALLE,,44,,1974,
814576,,,22,,1913,82900
414057,,,12,,1949,
477663,,,10,,1949,
824884,Lurie Medical Research Building,,13,,2005,
311974,,,15,40,1929,
410677,,,22,,1955,
353290,,,16,,1922,
258603,RAILWAY EXCHANGE,CHICAGO ARCHITECTURE CENTER,16,,1904,
367899,UIC MOLECULAR BIOLOGY RESEARCH,,10,146,1951,
452078,,,12,59,1970,
353759,PARKING,,11,,1990,368900
226910,,,22,253,1961,
815101,THE CHILDRENS PLACE ON STATE ST,THE MENTOR BLDG ENTRANCE ON MONROE,17,,1906,
341769,WACKER APARTMENTS HOTEL,,13,,1926,
352799,FLORSHEIM TOWER,FOCEL,30,,1984,
815621,DELAWARE PLACE ON THE PARK,,25,,1985,
410834,,,13,,1958,
342703,1170 WEST ERIE,,16,51,1970,
480037,,,10,,1960,
346539,,,33,,1966,
357601,MARMON BUILDING,LASALLE-MONROE BUILDING,14,,1894,
825025,Two River Place,,17,,2004,
821281,,,11,,1998,
351489,MARINA CITY,,61,,,
814867,,,16,,1949,
576673,LAKE TERRECE,,13,364,1962,
848747,,,13,24,1929,
496694,U OF C - CUMMINGS LIFE SCIENCE CENTER,UNIVERSITY OF CHICAGO,11,,1949,
814741,,,10,,1989,246500
400461,PRAIRIE SHORES 3,,19,,1958,
331720,860 NORTH DEWITT,,22,156,1961,
874107,,,13,112,1930,
837268,,,16,,1926,
351001,,,11,,1967,
359457,MIDWEST TERRACE APARTMENTS,CHICAGO HOUSING AUTHORITY,14,,1964,
814750,MCCLURG BUILDING,ASHWOOD PROPERTIES,10,,1894,109000
815503,70 EAST CEDAR,,15,30,1927,
815495,20 EAST CEDAR,,19,50,1925,
814001,CONRAD CHICAGO HOTEL,THE SHOPPES AT NORTH BRIDGE,17,,1932,204800
333965,WORCESTER HOUSE,NORTHWESTERN UNIVERSITY CHICAGO CAMPUS,19,,1926,
219808,336 WEST WELLINGTON,,26,120,1966,
360584,,,12,,1918,
874100,,,15,210,1932,
814791,CNA PLAZA NORTH,,24,,1962,
297395,AMERICAN TOWERS,,32,420,1974,7900
824181,TRANSPORTATION BUILDING,,22,356,1909,70800
309668,1430 NORTH LAKE SHORE DRIVE,,23,25,1928,
351935,HYATT REGENCY CHICAGO II,,33,,1980,
342713,NORTHWESTERN UNIVERSITY PARKING,,10,,2003,
837997,PARKING FACILITY,,10,,1972,
815361,1300 NORTH LAKE SHORE DRIVE,,40,148,1965,
366904,THE TERRACES AT DEARBORN PARK,,12,,1983,
354486,123 NORTH WACKER,,30,,1986,562900
355586,CHICAGO TEMPLE,,23,,1924,
814685,200 WEST ADAMS,,30,,1985,
108639,LELAND-SHERIDAN APARTMENTS,,20,235,1967,
238451,,,12,,1924,
814183,THE STERLING,,50,,2001,
80117,SHERIDAN LAKEVIEW APARTMENTS,,12,120,1930,6000
885981,THE ELYSIAN,,60,,2008,
836576,,,62,289,2005,
892135,,,43,450,2012,
886023,SoNo WEST TOWER,,28,,,
893176,UNIVERSITY OF CHICAGO HOSPITAL,CENTER FOR CARE AND DISCOVERY,10,240,2013,
892336,,,26,,1929,
354924,CONCORD CITY CENTRE,,23,,1927,
814537,SKYBRIDGE,,39,,2003,
448568,HARPER SQUARE SOUTH,,25,,1971,
100312,,,13,198,1979,
382508,,,22,173,1966,
357894,55 W. MONROE BUILD.,XEROX CENTER,43,,1978,965500
329016,THE WESTIN HOTEL,,27,,1972,
814564,CAPPER AND CAPPER,PRUDENTIAL JEWELERS,17,,1910,
815882,ADMIRAL'S POINTE,,27,,2002,
331219,WHITEHALL HOTEL,,20,,,
837170,,,16,139,1931,
410725,,,13,,1957,
322981,1100 N LAKE SHORE DRIVE,,40,80,1979,
813514,KNICKERBOCKER HOTEL,,10,,,
734754,,,11,,1925,
360907,CNA PLAZA,,44,,1972,
532710,,,11,165,1968,
501726,INTERNATIONAL HOUSE,UNIVERSITY OF CHICAGO,12,,1931,
130130,,,10,60,1930,
346213,,,15,,1930,64600
563562,,,11,,1949,
499699,,,15,35,1971,
857185,,,14,129,1980,
354372,THE HERITAGE AT MILLENIUM PARK,,57,,2005,
308536,,,16,,1965,
59496,,,14,,1985,
448117,"THE NEWPORT, NORTH AND SOUTH TOWERS",,27,728,1962,
815890,THE FORDHAM,,52,,2002,
315956,ASTOR TOWER,,29,92,1968,
356863,ONE BANK PLAZA,,60,,1969,
868404,,,18,,1914,
468013,,,13,112,1929,
339927,ALLERTON CROWNE PLAZA,,26,,1926,255700
222536,,,15,409,1928,
351471,,,16,,1980,
814577,,,37,,1919,333300
351634,MARINA CITY,,61,,1962,
355046,GARLAND BULIDING,,21,,1915,
352827,MICHIGAN PLAZA SOUTH,,44,,1960,1923400
324936,GOLD COAST GALLERIA,,32,,1989,
355623,AT&T,,18,,1915,
345955,THE GRAND OHIO CONDOMINIUMS,,26,960,1985,61200
813515,,,21,27,1908,
838070,,,11,,2003,
368218,DEARBORN PARK HIGHRISE I,,27,,1980,
814933,DONOUGH BLDG,,10,,1893,
464007,DEL PRADO,,13,175,1917,23400
457683,SCHOLARS CORNER APARTMENTS,,13,66,1933,67600
358051,THE HARTFORD BUILDING,,20,,1962,598000
814769,CITY COLLEGES OF CHICAGO,,14,,1949,
814819,,,12,,1988,22200
453923,,,22,,1951,
313476,,,22,,1951,
851862,,,13,165,1924,
365284,RUSH PRESBYTERIAN ST LUKES MEDICAL CENTER,PROFESSIONAL OFFICE BUILDING,12,,1981,
26053,SHERIDAN POINT,,22,136,1974,
844182,MOMO,,31,,2007,
340546,RADISSON HOTEL,,40,,1973,
814823,,,19,,1910,
825001,THE PINNACLE,,48,,2004,
357247,TWO FIRST NATIONAL PLAZA,,30,,1973,267300
328962,227 EAST WALTON,,13,24,1956,
352484,MILLIERY MART BUILDING,,25,,1928,
815885,THE GRAND ON GRAND,,28,,2004,15700
814527,309 W WASHINGTON,,13,,1901,449500
392317,,,11,132,1978,
224970,,,14,150,1951,
259426,,,20,,1972,
356896,LOOP CENTER BUILDING,,22,,1927,132800
814008,THE FAIRBANKS AT CITYFRONT PLAZA,,31,,,
880576,MATHER TOWER,,41,,1928,
886001,757 ORLEANS @ CHICAGO,GAMMONLEY CONDOS,22,,2008,
886002,BURNHAM POINTE,,28,,2008,
889839,,,15,1,2008,
357404,NATIONAL LIFE BUILDING,BARRISTER HALL,12,,1902,210500
54061,,,13,480,1949,
351497,RIED MURDOCH BUILDING,FRIEDMAN PROPERTIES,11,,1954,307200
815892,ONE EAST 14TH PLACE,,17,,2000,
886020,R+D659,,17,237,,
894376,,,45,490,2015,
60964,,,11,,1971,
310719,,,22,,1927,
307263,,,16,,1965,
309276,BRYANT HOUSE,,28,,1962,
814591,PRESIDENTIAL TOWERS T1 AND T2,,49,,1985,
217923,ADVOCATE ILLINOIS MASONIC MEDICAL CENTER,BARR TOWER,20,,1974,
814561,6 N. MICHIGAN BUILDING,,19,,1899,
814497,,,13,,1927,29300
815305,,,19,30,1933,
245705,2626 NORTH LAKEVIEW,,42,492,1968,
814630,QUALITY INN,ONE MID CITY PLAZA,17,,1968,
832378,,,14,,1961,
813569,247 EAST CHESTNUT,,26,88,1965,
838356,,,10,,2004,
351612,LONDON GUARANTEE BLDG,,21,,1923,
320910,,,19,64,1974,
415711,,,12,,1957,
836039,,,12,,2005,
814363,191 NORTH WACKER,,37,,2002,
814410,MICHAEL BILANDIC BUILDING,,20,,1920,
813543,THE RAFAEL HOTEL,,18,,1936,118200
511694,INDIANA TERRACE,,12,72,1971,
837360,,,20,238,1981,
447021,LUTHER TERRACE,,22,315,1974,
331877,THE PLAZA ON DEWITT,,43,,1966,
318798,,,16,134,1965,
348534,CITYVIEW,,12,504,1989,
352778,HAROLD WASHINGTON CITY COLLEGE,,10,,1983,
453423,,,21,136,1949,
813492,WALTON COLONNADE,,43,256,1974,1400
331340,,,16,,1927,
355670,2 RIVERSIDE PLAZA,,26,,1929,
825026,University Center of Chicago,,19,,2004,
837361,,,20,300,1995,
815416,,,12,36,1917,
824850,Jefferson Place,,28,,2004,
814766,DEPAUL UNIVERSITY CTI CENTER,,11,,1916,
815200,,,19,90,1974,
500556,,,17,290,1926,
127176,,,16,91,1930,
813526,,,12,11,1926,
360441,MONADNOCK BLDG,,17,,1891,
824936,SUPERIOR WEST,,12,,2004,
813854,AOA BUILDING,,18,,1987,
874104,,,19,176,1931,
577088,7321 SOUTH SHORE DRIVE,,13,156,1928,
200222,,,15,30,1930,
47226,BEACH POINT TOWER,,19,96,1954,
881851,,,16,,1912,
353511,OUTER DRIVE EAST,,40,940,1963,
311301,1400 NORTH STATE PARKWAY,,17,96,1960,
427927,PAUL STEWART APARTMENTS 1,,20,250,1976,
398885,PRAIRE SHORES 2,,21,342,1961,
370068,1130 SOUTH MIGHIGAN,,43,656,1969,
814667,PALMER HOUSE HOTEL,,25,,1927,1395600
453755,5000 EAST END BUILDING,,28,225,1928,
315013,THE WHITNEY,,15,150,1997,
357030,181 WEST MADISON,,50,,1990,
349335,REALTOR BUILDING,,12,,1963,
814619,UNIVERSITY CLUB OF CHICAGO,,15,,1908,146100
226881,ST JOSEPH'S HOSPITAL,,13,,1962,
483500,JACKSON TOWERS,,19,225,1925,
126150,THE BOARDWALK,,27,450,1974,31600
353775,SMURFIT-STONE BUILDING,,41,,1985,830300
341177,AMERICAN FURNITURE MART,NORTHWESTERN UNIVERSITY MEDICAL OFFICES,29,,1926,
424520,VICTOR A. OLANDER HOMES- CHA,,15,135,1952,
353029,THE PARKSHORE,,56,,1991,
358064,CHASE LASALLE STREET BUILDING,,22,,1928,
880857,CITY VIEW TOWER,,13,,2003,
892194,LAKESHORE EAST,,45,499,2012,
891291,,,12,,2009,
337775,,,17,,2001,
824835,Courtyard Chicago Magnificent Mile,,23,,2004,
892934,East West University,,17,,2013,
894394,,,53,,2015,
46045,,,13,100,1953,
814594,PRESIDENTIAL TOWERS T3 AND T4,,49,,1985,
322562,NOBLE SQUARE CO-OP,,28,,1969,
352516,MICHIGAN PLAZA NORTH,,27,,1980,
219878,,,18,,1923,
813884,LENOX SUITES HOTEL AT 616,,16,330,1929,6400
32923,,,24,269,1963,
361378,,,10,,1922,28200
409340,,,13,,1964,
314611,,,23,,1966,
814425,150 NORTH WACKER DRIVE,,32,,1971,295500
438587,,,13,101,1968,
355522,33 N DEARBORN BUILDING,,25,,1966,333800
352220,OLD REPUBLIC BUILDING,,24,,1925,
837168,,,20,218,1959,
59247,,,12,,1982,
312061,,,22,,,
240926,,,14,140,1929,
815106,,,21,216,1972,
312607,,,13,,1950,
381726,LONG GROVE HOUSE,,30,,1970,
362335,,,15,,1949,
497863,,,13,,1927,
323892,THE CARLYLE,,40,,1967,
352481,HOTEL MONACO,,13,,1912,
247447,,,19,162,1988,
866484,,,26,90,1974,
354513,RIVER CENTER,,17,,1913,
33667,,,12,144,1931,
824885,ABN Amro Plaza,,29,,2003,
352495,LASALLE-WACKER BUILDING,,41,,1930,
353241,LAKE WELLS SELF PARK,,15,,1990,20300
355610,MARMON BLDG,KELLER SCH. OF MANAGEMENT,28,,1986,430000
14219,,,13,120,1930,
138743,POLO TOWER,,16,,1960,
122970,,,10,,1949,
363608,AMERITECH BLDG,,10,,1919,248100
367303,,,18,,1931,
364723,,,17,,1964,
427580,,,11,97,1984,
814712,,,21,,1958,
416751,,,12,,1957,
318620,STATE TOWER,,28,92,1981,
35959,EAST POINT,,43,160,1970,
57114,,,12,,1949,
862493,,,13,195,1931,
73095,KENMORE PLAZA,,27,280,1974,
363814,,,10,,1949,
375204,DEARBORN TOWER,,17,,2001,
117743,,,19,119,1970,
824983,THE LOFTS AT MUSEUM PARK I,,15,,2004,
836610,LAKESIDE TOWER,,19,,2005,
302557,1550 N LAKE SHORE DR,,34,,1951,
861576,,,13,48,1970,
814261,PARK MILLENNIUM,,57,,2002,
358667,HOME FEDERAL BUILDING,,15,,1962,155800
824755,111 SOUTH WACKER,,51,,2005,
837879,CITY HALL & COUNTY BUILDING,,12,,1911,
814836,CHICAGO BOARD OF TRADE,,44,,1983,
837712,,,20,240,1988,
283892,LINCOLN PARK TOWER,,30,334,1967,
454924,ALGONQUIN APARTMENTS 3,,14,70,1952,
419721,LAWLESS GARDENS 3,,24,,1968,
813923,THE FARALLON,,22,,2001,
815143,THE RESIDENCES AT GRAND PLAZA,,38,,,
60414,,,38,400,1974,
893575,,,50,409,2013,
885989,1720 SOUTH MICHIGAN AVENUE,,32,,,
889465,,,21,,2008,
892681,,,27,,2010,
888280,ALTA/CIRRUS,,37,,2009,
