"station_id","stationname","date","daytype","rides"
"40350","UIC-Halsted","01/01/2025","U","934"
"40350","UIC-Halsted","01/02/2025","W","1,135"
"40350","UIC-Halsted","01/03/2025","W","1,060"
"40350","UIC-Halsted","01/04/2025","A","825"
"40350","UIC-Halsted","01/05/2025","U","600"
"40350","UIC-Halsted","01/06/2025","W","1,362"
"40350","UIC-Halsted","01/07/2025","W","1,648"
"40350","UIC-Halsted","01/08/2025","W","1,697"
"40350","UIC-Halsted","01/09/2025","W","1,608"
"40350","UIC-Halsted","01/10/2025","W","1,567"
"40350","UIC-Halsted","01/11/2025","A","1,085"
"40350","UIC-Halsted","01/12/2025","U","910"
"40350","UIC-Halsted","01/13/2025","W","4,768"
"40350","UIC-Halsted","01/14/2025","W","4,803"
"40350","UIC-Halsted","01/15/2025","W","4,878"
"40350","UIC-Halsted","01/16/2025","W","4,845"
"40350","UIC-Halsted","01/17/2025","W","4,411"
"40350","UIC-Halsted","01/18/2025","A","1,386"
"40350","UIC-Halsted","01/19/2025","U","809"
"40350","UIC-Halsted","01/20/2025","W","826"
"40350","UIC-Halsted","01/21/2025","W","858"
"40350","UIC-Halsted","01/22/2025","W","4,505"
"40350","UIC-Halsted","01/23/2025","W","4,606"
"40350","UIC-Halsted","01/24/2025","W","4,096"
"40350","UIC-Halsted","01/25/2025","A","1,360"
"40350","UIC-Halsted","01/26/2025","U","956"
"40350","UIC-Halsted","01/27/2025","W","4,737"
"40350","UIC-Halsted","01/28/2025","W","4,890"
"40350","UIC-Halsted","01/29/2025","W","5,096"
"40350","UIC-Halsted","01/30/2025","W","4,894"
"40350","UIC-Halsted","01/31/2025","W","4,066"
"40350","UIC-Halsted","02/01/2025","A","1,390"
"40350","UIC-Halsted","02/02/2025","U","912"
"40350","UIC-Halsted","02/03/2025","W","4,563"
"40350","UIC-Halsted","02/04/2025","W","4,825"
"40350","UIC-Halsted","02/05/2025","W","4,915"
"40350","UIC-Halsted","02/06/2025","W","4,595"
"40350","UIC-Halsted","02/07/2025","W","4,198"
"40350","UIC-Halsted","02/08/2025","A","1,295"
"40350","UIC-Halsted","02/09/2025","U","980"
"40350","UIC-Halsted","02/10/2025","W","4,433"
"40350","UIC-Halsted","02/11/2025","W","4,711"
"40350","UIC-Halsted","02/12/2025","W","3,769"
"40350","UIC-Halsted","02/13/2025","W","4,485"
"40350","UIC-Halsted","02/14/2025","W","4,010"
"40350","UIC-Halsted","02/15/2025","A","1,386"
"40350","UIC-Halsted","02/16/2025","U","989"
"40350","UIC-Halsted","02/17/2025","W","3,849"
"40350","UIC-Halsted","02/18/2025","W","3,876"
"40350","UIC-Halsted","02/19/2025","W","4,476"
"40350","UIC-Halsted","02/20/2025","W","4,378"
"40350","UIC-Halsted","02/21/2025","W","4,062"
"40350","UIC-Halsted","02/22/2025","A","1,366"
"40350","UIC-Halsted","02/23/2025","U","975"
"40350","UIC-Halsted","02/24/2025","W","4,464"
"40350","UIC-Halsted","02/25/2025","W","4,700"
"40350","UIC-Halsted","02/26/2025","W","4,829"
"40350","UIC-Halsted","02/27/2025","W","4,600"
"40350","UIC-Halsted","02/28/2025","W","4,033"
"40350","UIC-Halsted","03/01/2025","A","1,573"
"40350","UIC-Halsted","03/02/2025","U","1,025"
"40350","UIC-Halsted","03/03/2025","W","4,466"
"40350","UIC-Halsted","03/04/2025","W","4,479"
"40350","UIC-Halsted","03/05/2025","W","4,715"
"40350","UIC-Halsted","03/06/2025","W","4,663"
"40350","UIC-Halsted","03/07/2025","W","4,080"
"40350","UIC-Halsted","03/08/2025","A","1,614"
"40350","UIC-Halsted","03/09/2025","U","1,174"
"40350","UIC-Halsted","03/10/2025","W","4,609"
"40350","UIC-Halsted","03/11/2025","W","4,700"
"40350","UIC-Halsted","03/12/2025","W","4,872"
"40350","UIC-Halsted","03/13/2025","W","4,762"
"40350","UIC-Halsted","03/14/2025","W","4,727"
"40350","UIC-Halsted","03/15/2025","A","3,763"
"40350","UIC-Halsted","03/16/2025","U","1,182"
"40350","UIC-Halsted","03/17/2025","W","4,667"
"40350","UIC-Halsted","03/18/2025","W","4,794"
"40350","UIC-Halsted","03/19/2025","W","4,895"
"40350","UIC-Halsted","03/20/2025","W","4,746"
"40350","UIC-Halsted","03/21/2025","W","4,168"
"40350","UIC-Halsted","03/22/2025","A","1,491"
"40350","UIC-Halsted","03/23/2025","U","1,093"
"40350","UIC-Halsted","03/24/2025","W","1,795"
"40350","UIC-Halsted","03/25/2025","W","1,814"
"40350","UIC-Halsted","03/26/2025","W","1,948"
"40350","UIC-Halsted","03/27/2025","W","1,753"
"40350","UIC-Halsted","03/28/2025","W","1,698"
"40350","UIC-Halsted","03/29/2025","A","1,209"
"40350","UIC-Halsted","03/30/2025","U","977"
"40350","UIC-Halsted","03/31/2025","W","4,324"
"40350","UIC-Halsted","04/01/2025","W","4,628"
"40350","UIC-Halsted","04/02/2025","W","4,397"
"40350","UIC-Halsted","04/03/2025","W","4,854"
"40350","UIC-Halsted","04/04/2025","W","4,330"
"40350","UIC-Halsted","04/05/2025","A","1,784"
"40350","UIC-Halsted","04/06/2025","U","1,372"
"40350","UIC-Halsted","04/07/2025","W","4,456"
"40350","UIC-Halsted","04/08/2025","W","4,705"
"40350","UIC-Halsted","04/09/2025","W","4,661"
"40350","UIC-Halsted","04/10/2025","W","4,604"
"40350","UIC-Halsted","04/11/2025","W","4,221"
"40350","UIC-Halsted","04/12/2025","A","2,969"
"40350","UIC-Halsted","04/13/2025","U","2,143"
"40350","UIC-Halsted","04/14/2025","W","4,715"
"40350","UIC-Halsted","04/15/2025","W","4,526"
"40350","UIC-Halsted","04/16/2025","W","4,921"
"40350","UIC-Halsted","04/17/2025","W","4,731"
"40350","UIC-Halsted","04/18/2025","W","4,063"
"40350","UIC-Halsted","04/19/2025","A","1,600"
"40350","UIC-Halsted","04/20/2025","U","986"
"40350","UIC-Halsted","04/21/2025","W","4,379"
"40350","UIC-Halsted","04/22/2025","W","4,671"
"40350","UIC-Halsted","04/23/2025","W","4,879"
"40350","UIC-Halsted","04/24/2025","W","4,696"
"40350","UIC-Halsted","04/25/2025","W","4,123"
"40350","UIC-Halsted","04/26/2025","A","1,836"
"40350","UIC-Halsted","04/27/2025","U","1,250"
"40350","UIC-Halsted","04/28/2025","W","4,639"
"40350","UIC-Halsted","04/29/2025","W","4,573"
"40350","UIC-Halsted","04/30/2025","W","4,753"
"40350","UIC-Halsted","05/01/2025","W","4,759"
"40350","UIC-Halsted","05/02/2025","W","4,006"
"40350","UIC-Halsted","05/03/2025","A","1,736"
"40350","UIC-Halsted","05/04/2025","U","1,082"
"40350","UIC-Halsted","05/05/2025","W","3,407"
"40350","UIC-Halsted","05/06/2025","W","3,384"
"40350","UIC-Halsted","05/07/2025","W","3,546"
"40350","UIC-Halsted","05/08/2025","W","3,067"
"40350","UIC-Halsted","05/09/2025","W","3,191"
"40350","UIC-Halsted","05/10/2025","A","1,668"
"40350","UIC-Halsted","05/11/2025","U","1,160"
"40350","UIC-Halsted","05/12/2025","W","2,162"
"40350","UIC-Halsted","05/13/2025","W","2,313"
"40350","UIC-Halsted","05/14/2025","W","2,295"
"40350","UIC-Halsted","05/15/2025","W","2,110"
"40350","UIC-Halsted","05/16/2025","W","1,995"
"40350","UIC-Halsted","05/17/2025","A","1,494"
"40350","UIC-Halsted","05/18/2025","U","1,382"
"40350","UIC-Halsted","05/19/2025","W","1,902"
"40350","UIC-Halsted","05/20/2025","W","1,867"
"40350","UIC-Halsted","05/21/2025","W","1,946"
"40350","UIC-Halsted","05/22/2025","W","2,022"
"40350","UIC-Halsted","05/23/2025","W","1,718"
"40350","UIC-Halsted","05/24/2025","A","1,369"
"40350","UIC-Halsted","05/25/2025","U","1,093"
"40350","UIC-Halsted","05/26/2025","U","952"
"40350","UIC-Halsted","05/27/2025","W","1,948"
"40350","UIC-Halsted","05/28/2025","W","2,012"
"40350","UIC-Halsted","05/29/2025","W","2,002"
"40350","UIC-Halsted","05/30/2025","W","1,821"
"40350","UIC-Halsted","05/31/2025","A","1,445"
"40350","UIC-Halsted","06/01/2025","U","1,247"
"40350","UIC-Halsted","06/02/2025","W","1,958"
"40350","UIC-Halsted","06/03/2025","W","2,261"
"40350","UIC-Halsted","06/04/2025","W","2,167"
"40350","UIC-Halsted","06/05/2025","W","2,271"
"40350","UIC-Halsted","06/06/2025","W","2,099"
"40350","UIC-Halsted","06/07/2025","A","1,820"
"40350","UIC-Halsted","06/08/2025","U","1,207"
"40350","UIC-Halsted","06/09/2025","W","2,077"
"40350","UIC-Halsted","06/10/2025","W","2,390"
"40350","UIC-Halsted","06/11/2025","W","2,369"
"40350","UIC-Halsted","06/12/2025","W","2,419"
"40350","UIC-Halsted","06/13/2025","W","2,037"
"40350","UIC-Halsted","06/14/2025","A","1,945"
"40350","UIC-Halsted","06/15/2025","U","1,275"
"40350","UIC-Halsted","06/16/2025","W","2,243"
"40350","UIC-Halsted","06/17/2025","W","2,410"
"40350","UIC-Halsted","06/18/2025","W","2,408"
"40350","UIC-Halsted","06/19/2025","W","1,704"
"40350","UIC-Halsted","06/20/2025","W","2,155"
"40350","UIC-Halsted","06/21/2025","A","1,585"
"40350","UIC-Halsted","06/22/2025","U","1,165"
"40350","UIC-Halsted","06/23/2025","W","2,177"
"40350","UIC-Halsted","06/24/2025","W","2,413"
"40350","UIC-Halsted","06/25/2025","W","2,439"
"40350","UIC-Halsted","06/26/2025","W","2,582"
"40350","UIC-Halsted","06/27/2025","W","2,191"
"40350","UIC-Halsted","06/28/2025","A","1,670"
"40350","UIC-Halsted","06/29/2025","U","1,205"
"40350","UIC-Halsted","06/30/2025","W","2,023"
"40350","UIC-Halsted","07/01/2025","W","2,312"
"40350","UIC-Halsted","07/02/2025","W","2,318"
"40350","UIC-Halsted","07/03/2025","W","2,188"
"40350","UIC-Halsted","07/04/2025","U","1,174"
"40350","UIC-Halsted","07/05/2025","A","1,510"
"40350","UIC-Halsted","07/06/2025","U","1,133"
"40350","UIC-Halsted","07/07/2025","W","2,339"
"40350","UIC-Halsted","07/08/2025","W","2,473"
"40350","UIC-Halsted","07/09/2025","W","2,360"
"40350","UIC-Halsted","07/10/2025","W","2,388"
"40350","UIC-Halsted","07/11/2025","W","2,351"
"40350","UIC-Halsted","07/12/2025","A","1,570"
"40350","UIC-Halsted","07/13/2025","U","1,182"
"40350","UIC-Halsted","07/14/2025","W","2,240"
"40350","UIC-Halsted","07/15/2025","W","2,546"
"40350","UIC-Halsted","07/16/2025","W","2,442"
"40350","UIC-Halsted","07/17/2025","W","2,598"
"40350","UIC-Halsted","07/18/2025","W","2,412"
"40350","UIC-Halsted","07/19/2025","A","1,498"
"40350","UIC-Halsted","07/20/2025","U","1,296"
"40350","UIC-Halsted","07/21/2025","W","2,308"
"40350","UIC-Halsted","07/22/2025","W","2,557"
"40350","UIC-Halsted","07/23/2025","W","2,650"
"40350","UIC-Halsted","07/24/2025","W","2,343"
"40350","UIC-Halsted","07/25/2025","W","2,233"
"40350","UIC-Halsted","07/26/2025","A","1,684"
"40350","UIC-Halsted","07/27/2025","U","1,381"
"40350","UIC-Halsted","07/28/2025","W","2,301"
"40350","UIC-Halsted","07/29/2025","W","2,479"
"40350","UIC-Halsted","07/30/2025","W","2,623"
"40350","UIC-Halsted","07/31/2025","W","2,756"
"40350","UIC-Halsted","08/01/2025","W","2,392"
"40350","UIC-Halsted","08/02/2025","A","2,006"
"40350","UIC-Halsted","08/03/2025","U","1,537"
"40350","UIC-Halsted","08/04/2025","W","2,242"
"40350","UIC-Halsted","08/05/2025","W","2,314"
"40350","UIC-Halsted","08/06/2025","W","2,415"
"40350","UIC-Halsted","08/07/2025","W","2,469"
"40350","UIC-Halsted","08/08/2025","W","2,176"
"40350","UIC-Halsted","08/09/2025","A","1,607"
"40350","UIC-Halsted","08/10/2025","U","1,230"
"40350","UIC-Halsted","08/11/2025","W","1,805"
"40350","UIC-Halsted","08/12/2025","W","1,975"
"40350","UIC-Halsted","08/13/2025","W","2,066"
"40350","UIC-Halsted","08/14/2025","W","2,162"
"40350","UIC-Halsted","08/15/2025","W","2,027"
"40350","UIC-Halsted","08/16/2025","A","1,490"
"40350","UIC-Halsted","08/17/2025","U","1,331"
"40350","UIC-Halsted","08/18/2025","W","2,038"
"40350","UIC-Halsted","08/19/2025","W","2,389"
"40350","UIC-Halsted","08/20/2025","W","2,759"
"40350","UIC-Halsted","08/21/2025","W","2,722"
"40350","UIC-Halsted","08/22/2025","W","3,053"
"40350","UIC-Halsted","08/23/2025","A","3,375"
"40350","UIC-Halsted","08/24/2025","U","2,828"
"40350","UIC-Halsted","08/25/2025","W","6,573"
"40350","UIC-Halsted","08/26/2025","W","6,692"
"40350","UIC-Halsted","08/27/2025","W","6,907"
"40350","UIC-Halsted","08/28/2025","W","6,859"
"40350","UIC-Halsted","08/29/2025","W","6,132"
"40350","UIC-Halsted","08/30/2025","A","1,996"
"40350","UIC-Halsted","08/31/2025","U","1,709"
"40350","UIC-Halsted","09/01/2025","U","1,698"
"40350","UIC-Halsted","09/02/2025","W","6,690"
"40350","UIC-Halsted","09/03/2025","W","6,691"
"40350","UIC-Halsted","09/04/2025","W","6,652"
"40350","UIC-Halsted","09/05/2025","W","6,179"
"40350","UIC-Halsted","09/06/2025","A","2,349"
"40350","UIC-Halsted","09/07/2025","U","1,712"
"40350","UIC-Halsted","09/08/2025","W","6,566"
"40350","UIC-Halsted","09/09/2025","W","6,646"
"40350","UIC-Halsted","09/10/2025","W","6,959"
"40350","UIC-Halsted","09/11/2025","W","6,502"
"40350","UIC-Halsted","09/12/2025","W","6,112"
"40350","UIC-Halsted","09/13/2025","A","1,965"
"40350","UIC-Halsted","09/14/2025","U","1,515"
"40350","UIC-Halsted","09/15/2025","W","6,340"
"40350","UIC-Halsted","09/16/2025","W","6,664"
"40350","UIC-Halsted","09/17/2025","W","6,914"
"40350","UIC-Halsted","09/18/2025","W","6,532"
"40350","UIC-Halsted","09/19/2025","W","6,123"
"40350","UIC-Halsted","09/20/2025","A","2,008"
"40350","UIC-Halsted","09/21/2025","U","1,565"
"40350","UIC-Halsted","09/22/2025","W","6,281"
"40350","UIC-Halsted","09/23/2025","W","6,484"
"40350","UIC-Halsted","09/24/2025","W","6,840"
"40350","UIC-Halsted","09/25/2025","W","6,451"
"40350","UIC-Halsted","09/26/2025","W","6,130"
"40350","UIC-Halsted","09/27/2025","A","2,028"
"40350","UIC-Halsted","09/28/2025","U","1,587"
"40350","UIC-Halsted","09/29/2025","W","6,230"
"40350","UIC-Halsted","09/30/2025","W","6,483"
"40350","UIC-Halsted","10/01/2025","W","6,741"
"40350","UIC-Halsted","10/02/2025","W","6,333"
"40350","UIC-Halsted","10/03/2025","W","6,011"
"40350","UIC-Halsted","10/04/2025","A","2,070"
"40350","UIC-Halsted","10/05/2025","U","1,524"
"40350","UIC-Halsted","10/06/2025","W","6,184"
"40350","UIC-Halsted","10/07/2025","W","6,363"
"40350","UIC-Halsted","10/08/2025","W","6,802"
"40350","UIC-Halsted","10/09/2025","W","6,257"
"40350","UIC-Halsted","10/10/2025","W","5,929"
"40350","UIC-Halsted","10/11/2025","A","2,330"
"40350","UIC-Halsted","10/12/2025","U","10,203"
"40350","UIC-Halsted","10/13/2025","W","5,830"
"40350","UIC-Halsted","10/14/2025","W","6,227"
"40350","UIC-Halsted","10/15/2025","W","6,521"
"40350","UIC-Halsted","10/16/2025","W","6,199"
"40350","UIC-Halsted","10/17/2025","W","5,713"
"40350","UIC-Halsted","10/18/2025","A","2,223"
"40350","UIC-Halsted","10/19/2025","U","1,386"
"40350","UIC-Halsted","10/20/2025","W","5,955"
"40350","UIC-Halsted","10/21/2025","W","6,088"
"40350","UIC-Halsted","10/22/2025","W","6,397"
"40350","UIC-Halsted","10/23/2025","W","6,014"
"40350","UIC-Halsted","10/24/2025","W","5,605"
"40350","UIC-Halsted","10/25/2025","A","1,948"
"40350","UIC-Halsted","10/26/2025","U","1,469"
"40350","UIC-Halsted","10/27/2025","W","5,836"
"40350","UIC-Halsted","10/28/2025","W","5,956"
"40350","UIC-Halsted","10/29/2025","W","6,212"
"40350","UIC-Halsted","10/30/2025","W","5,964"
"40350","UIC-Halsted","10/31/2025","W","5,602"
"40350","UIC-Halsted","11/01/2025","A","1,811"
"40350","UIC-Halsted","11/02/2025","U","1,649"
"40350","UIC-Halsted","11/03/2025","W","5,578"
"40350","UIC-Halsted","11/04/2025","W","5,764"
"40350","UIC-Halsted","11/05/2025","W","6,303"
"40350","UIC-Halsted","11/06/2025","W","5,878"
"40350","UIC-Halsted","11/07/2025","W","5,694"
"40350","UIC-Halsted","11/08/2025","A","2,875"
"40350","UIC-Halsted","11/09/2025","U","1,734"
"40350","UIC-Halsted","11/10/2025","W","5,304"
"40350","UIC-Halsted","11/11/2025","W","5,528"
"40350","UIC-Halsted","11/12/2025","W","6,139"
"40350","UIC-Halsted","11/13/2025","W","5,724"
"40350","UIC-Halsted","11/14/2025","W","5,445"
"40350","UIC-Halsted","11/15/2025","A","1,932"
"40350","UIC-Halsted","11/16/2025","U","1,380"
"40350","UIC-Halsted","11/17/2025","W","5,613"
"40350","UIC-Halsted","11/18/2025","W","5,716"
"40350","UIC-Halsted","11/19/2025","W","6,081"
"40350","UIC-Halsted","11/20/2025","W","5,617"
"40350","UIC-Halsted","11/21/2025","W","6,051"
"40350","UIC-Halsted","11/22/2025","A","2,034"
"40350","UIC-Halsted","11/23/2025","U","1,402"
"40350","UIC-Halsted","11/24/2025","W","5,145"
"40350","UIC-Halsted","11/25/2025","W","4,418"
"40350","UIC-Halsted","11/26/2025","W","1,699"
"40350","UIC-Halsted","11/27/2025","U","653"
"40350","UIC-Halsted","11/28/2025","W","1,203"
"40350","UIC-Halsted","11/29/2025","A","835"
"40350","UIC-Halsted","11/30/2025","U","882"
"40350","UIC-Halsted","12/01/2025","W","5,137"
"40350","UIC-Halsted","12/02/2025","W","5,406"
"40350","UIC-Halsted","12/03/2025","W","5,792"
"40350","UIC-Halsted","12/04/2025","W","4,907"
"40350","UIC-Halsted","12/05/2025","W","4,794"
"40350","UIC-Halsted","12/06/2025","A","1,718"
"40350","UIC-Halsted","12/07/2025","U","1,118"
"40350","UIC-Halsted","12/08/2025","W","3,643"
"40350","UIC-Halsted","12/09/2025","W","3,622"
"40350","UIC-Halsted","12/10/2025","W","3,590"
"40350","UIC-Halsted","12/11/2025","W","3,431"
"40350","UIC-Halsted","12/12/2025","W","2,975"
"40350","UIC-Halsted","12/13/2025","A","1,230"
"40350","UIC-Halsted","12/14/2025","U","738"
"40350","UIC-Halsted","12/15/2025","W","1,592"
"40350","UIC-Halsted","12/16/2025","W","1,789"
"40350","UIC-Halsted","12/17/2025","W","1,756"
"40350","UIC-Halsted","12/18/2025","W","1,660"
"40350","UIC-Halsted","12/19/2025","W","1,462"
"40350","UIC-Halsted","12/20/2025","A","1,046"
"40350","UIC-Halsted","12/21/2025","U","793"
"40350","UIC-Halsted","12/22/2025","W","1,233"
"40350","UIC-Halsted","12/23/2025","W","1,227"
"40350","UIC-Halsted","12/24/2025","W","786"
"40350","UIC-Halsted","12/25/2025","U","390"
"40350","UIC-Halsted","12/26/2025","W","821"
"40350","UIC-Halsted","12/27/2025","A","775"
"40350","UIC-Halsted","12/28/2025","U","630"
"40350","UIC-Halsted","12/29/2025","W","920"
"40350","UIC-Halsted","12/30/2025","W","1,004"
"40350","UIC-Halsted","12/31/2025","W","1,051"
